respondent_id,visit_group,visit_depth_bin,attention_flag,logic_flag,cluster_label,perception_mean,importance_mean,performance_mean,cognition_mean,motive_count,new_project_pref_count,promo_pref_count
1,1,0,0,0,2,4.153846,4,3.800000,4,2,5,4
2,2,0,1,0,2,3.153846,3,3,3,1,1,1
3,2,0,0,0,2,2.538462,3.400000,2.800000,2,1,1,1
4,2,0,1,0,2,4,4,4,3,1,8,6
5,2,0,0,0,1,3.846154,4.200000,4,3.250000,2,1,2
6,2,0,0,0,1,3.769231,4,4,3,1,1,1
7,2,0,1,0,2,3.692308,4,4.100000,4,3,1,2
8,2,0,0,0,1,4,3.500000,3.300000,3,1,1,1
9,2,0,1,0,2,3.538462,4,4,4,7,3,3
10,2,0,1,0,2,3,3,3,3,1,1,1
11,1,0,0,0,2,1,1,5,5,1,1,1
12,2,0,1,0,2,2.615385,4,4,3,1,2,6
13,2,0,1,0,2,3,3,3,3,1,1,1
14,2,0,0,0,1,4.615385,4.200000,4.400000,4.500000,2,3,3
15,2,0,1,0,2,4,4,4,4,6,7,3
16,1,0,1,0,2,4.769231,5,5,5,1,1,1
17,2,0,1,0,2,4,4,4,4,2,2,2
18,1,0,0,0,2,4.153846,4,4.300000,3.500000,3,7,3
19,2,0,0,0,2,3.384615,3.600000,3.700000,3.750000,1,2,2
20,2,0,1,0,1,3,3,3,3,2,2,2
21,2,0,1,0,2,4,4.100000,4,4,2,3,2
22,2,0,1,0,2,3.307692,3.400000,3.500000,3,1,1,1
23,2,0,0,0,1,4.153846,4.500000,4,4,3,3,3
24,2,0,0,0,2,3.692308,4.100000,3.700000,3,4,2,2
25,2,0,1,0,2,4,4,4,4,2,2,3
26,2,0,0,0,2,5,3.900000,4.100000,5,1,2,1
27,2,0,0,0,1,4.461538,4.300000,4.400000,3.250000,2,2,3
28,1,0,0,0,1,3.461538,3.600000,3.900000,3.500000,3,2,1
29,2,0,1,0,2,3,3,3,3,1,5,4
30,2,0,1,0,2,3.076923,3.300000,3.200000,3.250000,3,3,3
31,2,0,1,0,2,4,4,4,4,2,2,2
32,1,0,1,0,1,5,5,5,5,1,2,2
33,2,0,1,0,1,3.692308,3.600000,3.700000,3.750000,2,3,2
34,2,0,1,0,2,4.692308,4.500000,4.400000,4.250000,1,8,3
35,2,0,1,0,1,4,4,4,4,2,1,1
36,2,0,1,0,2,5,5,5,4.250000,1,2,1
37,2,0,0,0,1,3.769231,4,4,4,3,2,1
38,2,0,1,0,2,4,4,4,4,1,8,6
39,2,0,0,0,1,3.615385,4,4,3.500000,1,2,3
40,2,0,0,0,2,3.538462,4,3.400000,3,4,4,3
41,2,0,1,0,2,4.461538,4,4,4,1,1,1
42,2,0,0,0,2,4,4,4,4,2,4,2
43,2,0,1,0,2,3,3,3,3,2,2,2
44,2,0,1,0,2,3.230769,3,3,3,1,6,6
45,2,0,1,0,2,4,4,4,4,2,2,2
46,2,0,1,0,2,3,3,3,3,2,2,2
47,2,0,1,0,2,5,5,5,5,2,8,6
48,2,0,1,0,1,4,4,4,4,1,2,4
49,2,0,1,0,2,4,4.100000,4,4,2,2,1
50,2,0,1,0,2,3,5,5,4,1,3,4
51,2,0,1,0,2,5,5,5,5,2,1,1
52,2,0,0,0,2,3.384615,3.700000,4.100000,3.750000,3,3,3
53,2,0,0,0,2,3.692308,4.300000,3.500000,3.250000,4,3,4
54,2,0,1,0,2,3,3,3,3,2,1,1
55,1,0,0,0,2,4.153846,4.600000,3.900000,3.750000,2,7,5
56,2,0,0,0,1,4.692308,4.400000,4,4,2,3,3
57,2,0,1,0,2,5,5,5,5,2,1,2
58,1,0,0,0,2,4.230769,4.500000,4.300000,3.500000,5,2,3
59,2,0,1,0,2,3,3,3,3,1,2,2
60,2,0,0,0,2,4,4,3,3,1,1,4
61,2,0,1,0,1,3,3,3,3,7,8,6
62,1,0,1,0,2,5,5,5,5,1,1,1
63,2,0,1,0,1,3,3,3,3,1,1,2
64,1,0,1,0,2,4.230769,4.700000,4.300000,4,2,4,3
65,2,0,1,0,2,3.846154,3.600000,4,4,1,1,1
66,2,0,1,0,2,2.384615,3,3,5,5,7,6
67,1,0,1,0,2,4,3.200000,3,3,3,3,3
68,2,0,1,0,2,3.615385,3.900000,3.900000,4.500000,1,2,2
69,2,0,1,0,2,4,4.300000,4,4,1,1,1
70,2,0,1,0,2,4,4,4,4,1,4,1
71,2,0,0,0,2,4.076923,3.800000,4,3.500000,1,3,2
72,1,0,1,0,2,4,4,4,4,2,2,2
73,1,0,1,0,1,4,4,4,4,1,1,1
74,2,0,0,0,2,4.307692,4.100000,4.200000,3.750000,2,4,2
75,2,0,1,0,2,3,5,5,3,1,2,1
76,2,0,0,0,2,1,1,1,1,1,1,1
77,2,0,1,0,2,4,4,4,4,1,2,1
78,2,0,1,0,2,3,3,3,3,1,2,2
79,2,0,0,0,2,4,4.400000,3,2.750000,2,6,3
80,2,0,1,0,2,4,3.300000,3.500000,3.500000,1,4,2
81,1,0,0,0,2,3.615385,3.900000,3.900000,3.500000,2,4,3
82,2,0,1,0,2,3.769231,3.700000,3.500000,3.500000,5,3,4
83,2,0,0,0,2,4.153846,4.100000,4.600000,4.500000,3,1,1
84,2,0,0,0,2,4,4.500000,3.700000,4,4,6,3
85,2,0,0,0,2,1,1,1,1,2,2,2
86,2,0,1,0,1,5,5,5,5,2,3,4
87,2,0,1,0,2,4,4,4,4,3,2,3
88,2,0,1,0,1,5,5,5,5,3,2,2
89,2,0,1,0,2,3,3,3,3,1,2,2
90,2,0,1,0,2,2.846154,2.400000,2.600000,3,1,3,4
91,1,0,0,0,1,4.384615,4.400000,4.400000,4.500000,4,5,3
92,2,0,1,0,2,5,5,5,5,1,1,1
93,2,0,0,0,1,3.538462,3.500000,3.800000,3.750000,1,2,2
94,2,0,1,0,2,5,5,5,5,1,2,2
95,2,0,0,0,1,3.615385,4,4,4,1,5,2
96,2,0,0,0,2,4.307692,4.900000,4.900000,4,3,4,3
97,2,0,1,0,2,5,5,5,5,1,3,3
98,2,0,0,0,2,3.846154,4.400000,3.800000,3.250000,3,2,2
99,2,0,0,0,2,3.846154,4.400000,4.700000,5,3,6,4
100,2,0,1,0,2,3.538462,3.600000,3.700000,3.250000,2,2,2
101,2,0,0,0,2,4,4,4,4,1,3,4
102,1,1,1,0,2,5,5,5,5,7,3,4
103,1,0,1,0,2,5,5,5,5,1,1,1
104,2,0,1,0,2,4,4,4,3,2,2,3
105,2,0,0,0,2,3.384615,4.100000,3.800000,3,2,2,3
106,2,0,0,0,2,4,4.400000,3.900000,3.250000,3,3,3
107,1,0,1,0,2,4.076923,5,5,5,2,6,6
108,2,0,1,0,2,3,3,3,3,4,5,4
109,2,0,0,0,2,4.076923,4.400000,4.400000,4.250000,2,8,4
110,2,0,1,0,2,3,3,3,3,1,1,1
111,2,0,1,0,2,4,4,4.100000,4,4,4,3
112,1,0,0,0,1,3.461538,4.100000,3.800000,4,3,2,1
113,2,0,1,0,2,3.615385,4.100000,3,3.250000,1,3,2
114,2,1,0,0,2,3.846154,4.300000,4,3.500000,1,1,1
115,1,0,1,0,2,2.923077,3,3.100000,3.250000,1,1,1
116,2,0,1,0,2,3.692308,4.400000,4,3,5,4,3
117,2,0,1,0,2,3.769231,4,4.100000,3.250000,2,3,3
118,2,0,0,0,2,3.461538,4.600000,3.300000,3,4,3,3
119,2,0,0,0,2,4.076923,5,5,5,1,8,4
120,1,0,0,0,1,4,4.100000,4.300000,4,3,3,4
121,2,0,0,0,2,1,1,1,1,3,1,1
122,2,0,1,0,2,4,4,4,4,1,1,3
123,1,0,0,0,1,3.307692,3.900000,3.900000,4,1,6,4
124,2,0,0,0,2,4.153846,4.300000,4.200000,4.250000,2,3,3
125,2,0,1,0,2,3,5,5,5,1,1,1
126,2,0,1,0,1,2,2,2,2,1,1,1
127,2,0,1,0,1,5,5,4,3.250000,2,3,3
128,2,0,1,0,2,2.923077,3,3,3,2,2,2
129,2,0,0,0,1,1,1,1,1,1,1,1
130,2,0,1,0,1,3.923077,3.600000,3.400000,3.250000,1,2,3
131,2,0,0,0,2,5,4.400000,3,5,2,1,2
132,1,0,0,0,2,1,1,1,1,3,2,2
133,2,0,1,0,1,3,3,3,3,2,1,2
134,1,0,1,0,2,4,4,4,4,2,2,2
135,2,0,0,0,1,3.615385,3,3,1,1,1,4
136,1,0,1,0,1,3.615385,3.200000,3.200000,3,1,2,1
137,2,0,1,0,2,3,3,3,3,1,1,1
138,2,0,0,0,2,4,3.800000,4.300000,3.250000,3,2,3
139,2,0,1,0,1,4,4.100000,3.700000,4,1,5,2
140,2,0,1,0,2,5,5,5,5,2,1,1
141,2,0,1,0,2,3.923077,4,4,3.750000,1,3,5
142,2,0,0,0,2,3.076923,3,3.100000,3,1,1,1
143,1,0,1,0,2,3.384615,4,4,4,2,2,1
144,2,0,1,0,2,4,4,4,4,1,3,1
145,1,0,0,0,2,3.615385,4,3.800000,3.750000,2,3,3
146,2,0,0,0,2,4.153846,4.300000,3.900000,3.500000,4,6,3
147,2,0,1,0,2,3,3,3,3,1,2,1
148,2,0,1,0,1,3,3,3,3,1,1,1
149,1,0,1,0,1,4,4.500000,4.200000,2.500000,4,3,3
150,1,1,1,0,2,3.384615,4.200000,3.700000,4.500000,3,4,3
151,1,1,1,0,2,3.307692,4,3.800000,4.500000,3,4,2
152,1,0,1,0,2,4.307692,4.200000,4.100000,4.750000,3,4,2
153,1,1,1,0,2,1.846154,2.200000,2.400000,2.250000,3,3,2
154,1,0,1,0,1,4.076923,3.900000,4.100000,2.500000,4,4,2
155,1,0,1,0,2,4.307692,1.800000,4.400000,4.500000,3,4,3
156,1,1,1,0,2,2.615385,4,3.900000,4.250000,3,4,3
157,1,0,1,0,1,3.153846,3.900000,1.900000,3.750000,4,4,3
158,1,1,0,0,2,3.615385,4.200000,4.200000,4,4,4,2
159,1,0,1,0,1,4,4.100000,4.300000,3.750000,4,3,2
160,1,1,1,0,1,3.384615,4.100000,4,4,4,4,2
161,2,0,1,0,2,4,2.700000,4.100000,4,4,4,3
162,1,1,1,0,2,4.461538,4,4.400000,4.250000,4,3,2
163,2,0,1,0,1,4.153846,4,4,3.500000,4,4,3
164,1,0,1,0,2,4,4.300000,4.300000,2,4,3,3
165,1,1,1,0,2,4.307692,3.800000,4,4.500000,3,4,3
166,1,0,1,0,2,3.692308,4.300000,2.600000,4.250000,4,4,3
167,1,0,1,0,1,2.692308,2.200000,4.500000,1.500000,4,4,2
168,2,0,1,0,2,3.769231,3.900000,4,4.250000,4,4,3
169,2,0,0,0,2,1.923077,4.200000,1.900000,4.750000,3,4,2
170,1,0,1,0,2,3.923077,2.100000,2.400000,2.250000,3,4,3
171,1,1,1,0,1,3.923077,4.100000,4.200000,4.250000,4,3,3
172,2,0,1,0,1,4.538462,4.500000,4.100000,1.500000,4,4,3
173,1,1,1,0,2,3.538462,4.400000,4.100000,4.750000,3,3,2
174,1,0,1,0,2,3.307692,4,2.200000,2.750000,4,4,3
175,1,0,1,0,1,4,4.300000,4.100000,4,4,4,3
176,1,0,1,0,1,3.769231,4.200000,4,4.250000,4,3,2
177,1,0,1,0,1,4.230769,4,4.100000,3.750000,4,3,3
178,2,0,1,0,1,4.230769,4,1.700000,4,4,4,2
179,1,0,1,0,1,3.461538,4.300000,4.100000,2.750000,4,4,3
180,1,0,1,0,1,4,4.100000,4.100000,4.750000,4,4,2
181,1,1,0,0,2,2.230769,4.100000,4,1.750000,4,4,3
182,1,0,1,0,1,4.076923,4,4.500000,4,4,4,3
183,1,0,1,0,2,2.769231,2.200000,2.100000,2.750000,3,4,3
184,1,0,1,0,2,4.307692,4,4.100000,2.250000,4,3,2
185,1,1,1,0,1,3.769231,4.300000,2.200000,4,4,3,3
186,1,0,1,0,2,3.769231,4.300000,4.500000,4.500000,4,4,3
187,1,0,1,0,2,4.461538,3.700000,4.200000,4,3,4,2
188,2,0,1,0,2,4.307692,4.200000,4.100000,4.500000,3,4,3
189,1,0,1,0,2,4,4.300000,4.300000,1.500000,4,3,3
190,2,1,1,0,2,3.846154,4.500000,4.100000,3.750000,3,4,3
191,1,1,1,0,1,4.307692,4,4.500000,3.750000,4,4,3
192,1,1,1,0,1,2.153846,3.800000,4.400000,4,4,4,2
193,1,1,1,0,2,3.923077,4.200000,4.100000,4.500000,3,4,3
194,1,0,1,0,1,4.076923,4.100000,4.300000,1.750000,4,4,3
195,1,1,1,0,2,2.615385,4.400000,2.400000,2.500000,4,4,3
196,2,1,1,0,1,4.153846,4.400000,3.900000,4.250000,4,4,3
197,1,0,1,0,1,4.230769,4.100000,4.300000,3.750000,4,3,2
198,1,0,1,0,2,4.307692,4.100000,3.900000,3.500000,4,4,2
199,1,0,1,0,1,4.076923,3.900000,4.100000,4.250000,4,4,3
200,1,1,1,0,2,4,3.800000,4.500000,4.250000,4,4,2
201,1,0,1,0,1,3.923077,4.300000,4.400000,4.250000,4,4,3
202,1,0,1,0,1,4.076923,4,4.400000,2,4,4,3
203,1,1,1,0,2,2.461538,1.900000,2.400000,2.500000,4,4,3
204,2,1,1,0,1,3.461538,4.200000,3.800000,4.500000,4,4,3
205,2,0,0,0,2,2,1.900000,1.900000,1.500000,4,4,2
206,1,1,1,0,2,4.076923,3.900000,4.500000,4.500000,3,4,2
207,1,1,1,0,1,3.846154,4.100000,4.100000,4.250000,4,3,3
208,1,0,1,0,1,4.307692,4,4.100000,3.750000,4,4,3
209,1,0,1,0,1,3.692308,4,3.800000,3.750000,4,4,3
210,1,0,1,0,2,4.153846,4.600000,4.100000,4,3,3,3
211,1,0,0,0,1,3.153846,3.800000,4.500000,4.750000,4,4,3
212,1,1,1,0,2,3.923077,2.500000,4.500000,4.250000,4,4,2
213,1,0,1,0,2,3.538462,3.800000,4.300000,4.250000,3,4,2
214,1,0,1,0,1,4.076923,4.100000,4.200000,4.750000,4,3,3
215,1,1,1,0,1,3.846154,2.100000,1.900000,4.500000,4,4,2
216,1,0,1,0,2,4.153846,4.100000,3.800000,4.500000,3,4,3
217,2,1,1,0,1,2.153846,1.700000,2.300000,3.500000,4,3,3
218,1,0,1,0,2,4.461538,1.800000,4,4.500000,3,4,3
219,2,0,1,0,1,4.230769,4.100000,3.900000,5,4,4,3
220,1,0,1,0,2,4.230769,4,2.200000,4,4,4,3
221,1,0,1,0,2,4.461538,4,4.300000,4,4,4,3
222,1,0,1,0,2,3.615385,4.100000,4.300000,4.750000,4,4,3
223,1,0,1,0,1,4.307692,4.400000,4.100000,4,4,4,3
224,1,1,0,0,1,2.923077,2.500000,2.200000,2.500000,4,4,3
225,1,0,1,0,1,4.153846,4.100000,4,3.500000,4,4,2
226,1,0,1,0,2,2.307692,2.200000,1.900000,1.750000,3,3,3
227,1,0,1,0,1,4.230769,4.300000,2.400000,4,4,3,3
228,2,0,1,0,2,3.461538,1.800000,4.300000,4.500000,3,4,3
229,1,0,0,0,2,3.538462,4.100000,1.900000,3.750000,4,4,3
230,2,0,1,0,1,3.538462,3.900000,4.100000,4.750000,4,4,3
231,2,1,1,0,2,4,4,4.100000,4.750000,4,4,3
232,1,1,1,0,2,4.538462,4.400000,3.900000,3.750000,4,4,2
233,2,0,1,0,1,3.384615,4.300000,3.900000,2,4,4,3
234,1,1,1,0,2,3.461538,4.300000,4.200000,5,3,4,3
235,1,0,1,0,2,3.769231,4,4.100000,3.500000,3,4,3
236,2,0,1,0,2,3.692308,2.100000,2.200000,2.250000,4,3,3
237,1,0,1,0,1,3.923077,4.300000,4.500000,4,4,4,3
238,2,0,1,0,1,4.538462,3.800000,4.300000,4.250000,4,4,2
239,1,1,1,0,1,4.461538,4,4.200000,4.250000,4,3,3
240,1,0,1,0,2,3.538462,4,4.100000,5,4,3,2
241,1,1,1,0,1,3.692308,2,4.100000,4,4,4,3
242,1,0,1,0,2,3.615385,4.300000,4.100000,2.250000,3,4,3
243,1,0,1,0,1,4,3.900000,4.300000,4.500000,4,4,3
244,1,0,1,0,2,2.307692,3.900000,4,2,4,3,2
245,1,1,1,0,2,4.384615,4.300000,4.500000,4.250000,3,4,3
246,1,0,1,0,1,4.076923,4.100000,4.200000,4,4,4,3
247,2,1,1,0,1,4.230769,4.100000,4.100000,4.250000,4,4,2
248,1,0,1,0,2,3.615385,4.100000,3.900000,3.500000,4,4,3
249,1,1,1,0,1,3.538462,4.600000,1.600000,1.750000,4,4,3
250,2,0,1,0,2,4.153846,4.100000,3.800000,4.250000,4,3,2
251,2,1,1,0,2,2.769231,2.600000,2.400000,1.250000,3,4,2
252,1,0,1,0,1,2.846154,2,2.200000,1,4,4,2
253,1,0,1,0,1,3.538462,4.100000,3.900000,4.500000,4,4,2
254,1,0,1,0,1,4.615385,4.300000,4.600000,4.250000,4,4,3
255,1,0,1,0,2,4.307692,4.300000,4.200000,4.250000,4,3,3
256,1,0,1,0,1,4.153846,4,4.500000,4,4,4,3
257,1,1,1,0,1,3.461538,4.200000,2.400000,4,4,4,2
258,1,0,1,0,2,4.307692,4,4.300000,3.500000,4,4,3
259,2,1,1,0,1,4.461538,2.100000,4.100000,3.750000,4,4,3
260,1,0,1,0,1,4.538462,3.800000,2,4,4,4,3
261,1,0,1,0,2,3.923077,4.200000,4.300000,3.750000,4,4,3
262,1,1,1,0,1,4.230769,4,3.900000,4.250000,4,4,3
263,1,1,1,0,2,4.384615,4.800000,1.900000,2.250000,4,4,3
264,1,0,1,0,1,4.153846,4.600000,3.800000,4.500000,4,3,3
265,1,0,1,0,2,3.769231,4.300000,2.500000,4.250000,4,4,3
266,1,1,1,0,2,3.692308,3.800000,4.300000,4,4,3,3
267,2,0,1,0,1,4.307692,4.100000,4,3.750000,4,4,3
268,1,0,1,0,1,3.692308,4.500000,2.100000,4.750000,4,4,3
269,1,0,1,0,2,4.076923,2.400000,2.100000,4.500000,3,4,3
270,2,0,1,0,1,3.538462,1.800000,4.200000,3.750000,4,3,2
271,1,1,1,0,1,4.230769,4.400000,2.400000,3.500000,4,4,3
272,1,0,1,0,1,3.846154,2.100000,4.100000,4,4,4,3
273,1,1,1,0,2,3.692308,4.200000,4.100000,3.750000,4,4,3
274,1,1,1,0,2,3.769231,3.900000,4.500000,4,3,3,3
275,2,0,1,0,2,3.769231,4,4.100000,4.500000,4,4,3
276,2,0,1,0,2,3.846154,4,3.600000,4.500000,3,3,3
277,1,1,1,0,1,4.230769,4,3.500000,4,4,4,2
278,1,0,1,0,2,4.076923,1.700000,4.300000,4.250000,4,4,3
279,1,0,1,0,1,4.461538,4,4.100000,4,4,4,2
280,2,1,1,0,2,3,2.200000,1.800000,2.750000,3,4,2
281,1,0,1,0,2,3.769231,4,4,4.500000,3,3,3
282,1,0,1,0,2,4.461538,3.800000,4.300000,4.250000,3,4,2
283,2,0,1,0,2,3.538462,4,4.200000,3.750000,4,4,3
284,1,1,1,0,2,4.153846,4.400000,4,3.500000,3,4,3
285,1,0,1,0,1,4.153846,2.500000,4.100000,4,4,4,2
286,2,0,1,0,2,4.076923,4.400000,2.200000,4.500000,4,4,3
287,1,1,1,0,2,4.461538,4.200000,3.800000,4,3,3,3
288,1,0,1,0,1,2.230769,1.900000,2.200000,1.500000,4,4,2
289,1,1,1,0,1,4.230769,2.300000,4.200000,4.750000,4,4,3
290,1,1,1,0,1,3.923077,4.400000,4.100000,4.250000,4,4,2
291,1,1,1,0,2,3.769231,4.700000,4.600000,4.500000,4,3,3
292,1,0,1,0,2,3,2.300000,1.800000,2,3,4,3
293,1,0,1,0,1,4.384615,4.400000,2.100000,3.750000,4,4,3
294,2,1,1,0,1,4.230769,3.900000,4.200000,4,4,3,2
295,1,1,1,0,2,4.307692,4.200000,4,4,4,4,3
296,2,0,1,0,1,3.846154,4.100000,4.200000,4.250000,4,3,3
297,1,0,1,0,1,3.846154,4.100000,1.800000,4.500000,4,4,2
298,1,0,1,0,1,4.307692,3.700000,4.500000,3.750000,4,4,3
299,1,1,1,0,1,4.307692,3.900000,4.200000,3.750000,4,4,3
300,2,0,1,0,2,3.615385,3.800000,1.800000,4,4,3,3
301,1,0,0,0,1,3,4.200000,2,4.250000,4,3,2
302,1,0,1,0,2,4.076923,4.400000,4,2.750000,4,4,2
303,1,0,1,0,2,3.615385,4,2.400000,4.250000,3,3,3
304,2,1,1,0,1,3.769231,4.200000,3.800000,5,4,3,3
305,2,0,1,0,1,3.692308,4.100000,1.900000,4.250000,4,3,3
306,2,0,1,0,1,4.076923,4.200000,2.100000,4.500000,4,4,3
307,1,0,1,0,2,4.384615,4.600000,4.300000,4,4,4,3
308,1,0,1,0,1,2.692308,3.900000,3.900000,3.250000,4,4,3
309,1,0,1,0,2,4.538462,4.300000,3.800000,3.500000,4,4,2
310,1,0,0,0,1,2,2,1.600000,2,4,3,3
311,1,0,1,0,1,4,4.200000,4,4,4,4,2
312,1,1,1,0,1,4.076923,3.900000,3.900000,2.250000,4,4,2
313,1,0,1,0,1,3.461538,2.500000,4.200000,4.500000,4,4,2
314,1,0,1,0,1,3.846154,2.400000,2.200000,4.750000,4,3,2
315,2,1,1,0,1,3.923077,1.800000,4.500000,4.500000,4,4,3
316,2,0,1,0,1,4,4,4.300000,4.250000,4,4,3
317,1,0,1,0,1,4.153846,3.900000,3.900000,4.750000,4,4,3
318,1,1,1,0,1,4,4,4.200000,4.250000,4,4,3
319,1,0,1,0,1,4.615385,4,4.100000,2.250000,4,4,3
320,1,0,1,0,2,3.769231,4.400000,4.200000,1.750000,4,4,3
321,1,0,1,0,2,4,4.200000,3.600000,3.750000,4,4,3
322,2,0,1,0,2,4.153846,4.100000,4.100000,4.750000,3,4,2
323,1,0,1,0,2,3.538462,4.200000,4.200000,4.500000,4,4,3
324,1,0,1,0,1,3.461538,3.800000,4.300000,4,4,4,2
325,1,0,1,0,2,4.230769,4.200000,4,4,4,4,3
326,1,0,1,0,1,2.692308,1.800000,2.400000,3.750000,4,3,3
327,1,1,1,0,2,4,4,3.900000,4,3,3,3
328,2,0,1,0,2,3.769231,4.300000,3.900000,4,4,4,3
329,1,0,1,0,1,4.307692,4.100000,3.800000,4.750000,4,4,3
330,1,0,1,0,1,4.307692,4.600000,4.200000,3.750000,4,4,2
331,2,1,1,0,2,4.076923,4.400000,4.400000,3.750000,4,4,3
332,1,0,0,0,1,2,1.900000,1.900000,2.250000,4,4,3
333,1,0,1,0,1,4.307692,3.800000,4.200000,4.250000,4,4,2
334,1,0,1,0,1,4.615385,4.200000,4.500000,4.250000,4,3,2
335,1,1,1,0,2,4.307692,4.400000,4.100000,4.250000,3,4,3
336,1,1,0,0,1,2.692308,2.300000,2.300000,2.250000,4,4,3
337,2,0,1,0,2,3.230769,4.200000,2,4.500000,4,3,2
338,1,0,1,0,2,4.153846,4.400000,4.300000,4,4,4,2
339,1,0,1,0,1,2.692308,1.800000,2.100000,2.750000,4,4,3
340,1,0,1,0,2,4.076923,4.200000,4.400000,4.750000,4,4,3
341,1,1,1,0,2,4.153846,4.200000,4.100000,4,4,4,3
342,1,0,1,0,1,4.230769,3.600000,4,4,4,4,2
343,1,0,1,0,1,3.538462,4.400000,4.200000,4.250000,4,3,2
344,1,0,1,0,1,4.076923,4.200000,4.200000,4,4,4,2
345,1,0,1,0,1,3.846154,3.900000,4.500000,4,4,4,2
346,1,0,1,0,1,4.538462,4,4.200000,3.750000,4,4,2
347,1,0,1,0,1,4.461538,4.500000,4.200000,4.500000,4,4,2
348,1,0,1,0,2,4.153846,4.100000,4.200000,4,3,4,3
349,2,1,1,0,2,4.230769,4.200000,4.200000,4,3,4,3
350,2,0,1,0,1,3.307692,4.400000,3.900000,4,4,4,3
351,1,0,1,0,2,4.230769,3.700000,4.200000,4,3,4,3
352,1,1,1,0,1,3.923077,4.300000,4.100000,2.750000,4,4,3
353,1,1,1,0,1,4.076923,4.100000,3.700000,4.250000,4,4,2
354,1,0,1,0,1,4.230769,1.800000,4.400000,3.750000,4,4,3
355,1,0,1,0,2,4.153846,1.700000,4,4.250000,3,4,2
356,1,1,1,0,1,4.230769,4.400000,4.500000,4.250000,4,4,3
357,2,1,1,0,1,4.153846,4,1.800000,4.250000,4,4,2
358,1,1,1,0,1,3.307692,2.100000,1.800000,4.500000,4,3,2
359,1,0,0,0,2,2.461538,3.600000,4.200000,4.250000,3,4,3
360,1,0,1,0,2,4.153846,4.100000,4.100000,4.250000,4,4,3
361,1,1,1,0,2,4.538462,4.200000,4.500000,4.250000,4,4,2
362,2,0,1,0,2,4.230769,4.400000,4,4.500000,3,4,3
363,1,0,1,0,2,3.538462,4.200000,3.800000,4.250000,4,3,2
364,1,0,1,0,2,4.153846,3.800000,4.400000,3.750000,3,4,2
365,1,0,1,0,2,3.230769,4.200000,4,4.250000,4,4,2
366,1,1,0,0,2,3.692308,4.200000,4.100000,3.500000,4,4,3
367,2,0,1,0,1,4.076923,4.100000,4.100000,4,4,4,2
368,2,0,1,0,1,4.076923,4.100000,4,4.250000,4,4,3
369,1,0,1,0,1,3.923077,4.100000,4.500000,4.250000,4,3,2
370,1,0,0,0,1,3.615385,4,2.100000,4.500000,4,4,3
371,1,0,1,0,1,3.461538,2.400000,3.900000,4,4,4,3
372,1,0,1,0,1,4.538462,3.900000,4.300000,3.250000,4,4,2
373,1,0,0,0,1,2.461538,2.300000,2.100000,2,4,4,3
374,1,0,1,0,2,3.538462,4.100000,3.900000,4,4,4,2
375,1,0,0,0,1,3.769231,4.300000,4,4.250000,4,4,3
376,1,0,0,0,1,2.538462,2.100000,3.500000,2,4,4,2
377,1,1,1,0,2,2.538462,2,2.300000,2.250000,3,4,2
378,1,0,1,0,2,1.846154,2.400000,3.800000,1.500000,4,4,3
379,1,0,1,0,1,2.769231,2.300000,2,3.500000,4,4,3
380,2,0,0,0,1,3.615385,3.800000,4.600000,4.250000,4,4,3
381,1,1,1,0,1,3.769231,2.300000,4.200000,1.500000,4,3,3
382,1,0,1,0,1,3.769231,4,4.100000,4.250000,4,4,3
383,2,1,1,0,1,2.615385,2,2.100000,2.500000,4,3,3
384,1,0,0,0,1,2.692308,2,2.300000,2,4,4,3
385,1,0,1,0,2,4.076923,3.900000,4.100000,4,3,4,2
386,2,0,1,0,2,4.153846,4.400000,4.500000,3.250000,3,4,2
387,2,0,1,0,2,4.153846,4.100000,4,4.250000,3,4,2
388,1,1,1,0,1,4.076923,4.300000,4.100000,4,4,4,2
389,1,1,1,0,2,3.923077,4.200000,3.900000,4.500000,3,3,3
390,1,0,1,0,1,3.461538,4.200000,3.900000,5,4,3,2
391,1,0,1,0,1,4.076923,2.300000,4.100000,4,4,4,2
392,1,0,1,0,1,4.230769,4.200000,4.100000,4.500000,4,3,3
393,1,1,1,0,2,3.923077,3.900000,3.700000,3.750000,3,3,3
394,1,0,1,0,1,3.538462,4.500000,4.400000,3.500000,4,3,3
395,1,0,1,0,2,3.923077,3.800000,4.600000,4,3,4,2
396,2,0,1,0,2,3.538462,4.600000,4.100000,4.500000,4,4,3
397,1,0,1,0,1,2.307692,2.100000,2.400000,2.750000,4,4,2
398,1,1,1,0,1,4,4.300000,4.200000,4.500000,4,3,3
399,1,0,0,0,1,3,2.300000,2,4,4,4,3
400,2,0,1,0,1,4.230769,4.300000,4,4.250000,4,3,3
401,1,1,1,0,2,3.923077,4.100000,1.800000,4,3,4,3
402,1,0,1,0,2,4.307692,2.500000,4.600000,2.500000,4,4,2
403,2,0,1,0,1,4.307692,2.300000,4.200000,4.250000,4,3,3
404,1,0,1,0,1,3.923077,4.300000,4,4.500000,4,4,2
405,1,1,1,0,2,4.076923,4.200000,4.100000,4.250000,4,4,3
406,1,0,1,0,1,3.692308,4.300000,4.100000,4.500000,4,4,3
407,1,0,1,0,1,2.076923,4.200000,2.200000,2,4,3,3
408,1,0,1,0,1,4.153846,1.800000,4.100000,4.250000,4,4,2
409,2,0,1,0,1,2.846154,2.100000,1.800000,5,4,4,3
410,1,1,1,0,2,3,4.300000,4.100000,3.750000,4,4,3
411,1,0,1,0,1,4.076923,4.400000,4.400000,2,4,3,3
412,1,0,1,0,2,4.461538,4,4.300000,4.500000,3,3,3
413,1,1,1,0,1,2.923077,4,1.800000,2,4,4,3
414,1,1,1,0,1,4.461538,4.200000,3.900000,1.750000,4,4,3
415,1,0,1,0,1,4.230769,3.800000,3.900000,4.750000,4,4,2
416,1,1,1,0,1,4.230769,4,4.100000,4,4,3,3
417,1,0,1,0,2,3.846154,4.400000,3.800000,1.750000,4,4,2
418,1,0,1,0,1,4.461538,4.100000,4,4.250000,4,4,2
419,2,0,1,0,1,2.076923,1.900000,2.300000,1.750000,4,4,3
420,1,0,1,0,1,4,4.100000,4.300000,3.750000,4,4,3
421,1,0,1,0,2,4.230769,1.800000,2.700000,4.500000,4,4,3
422,1,0,1,0,2,4.153846,4.400000,4.200000,4,4,4,3
423,1,0,1,0,1,4.461538,4.100000,4,4,4,4,3
424,1,0,1,0,1,3.076923,4,4.600000,4,4,3,3
425,1,0,1,0,1,2.769231,1.900000,2.500000,2,4,3,3
426,1,0,1,0,1,4.230769,2.400000,4.100000,2.250000,4,3,3
427,1,0,1,0,2,4,4.200000,4.200000,4,4,4,3
428,1,0,0,0,2,3.461538,3.900000,4.100000,4.250000,4,4,2
429,2,0,1,0,2,4,2.200000,4,3.500000,3,4,2
430,1,1,1,0,2,4.153846,4.400000,4.100000,4.250000,3,4,3
431,1,1,1,0,1,3.923077,4.100000,4.100000,3.750000,4,4,2
432,1,0,1,0,1,3.461538,1.900000,1.900000,4.250000,4,4,2
433,1,0,1,0,2,3.538462,4.300000,4.200000,2.750000,4,4,2
434,1,0,1,0,1,4.076923,4.100000,3.500000,4.250000,4,4,3
435,1,0,1,0,1,3.846154,4.300000,4.100000,4,4,4,3
436,2,1,1,0,1,4.153846,4.400000,3.900000,4.500000,4,3,3
437,1,1,1,0,1,4.307692,4.500000,4.100000,4.250000,4,4,3
438,1,0,0,0,1,2.230769,2.100000,1.900000,2.750000,4,4,3
439,1,0,1,0,1,3.692308,4.300000,4.400000,3.750000,4,4,3
440,1,1,1,0,2,4.230769,3.700000,4,2.750000,3,3,3
441,1,0,1,0,1,4.230769,4.300000,3.700000,4,4,4,3
442,1,1,1,0,1,3.923077,4.300000,4.100000,4.250000,4,4,3
443,1,1,1,0,2,3.692308,4.300000,3.900000,4,3,3,2
444,1,1,1,0,2,4.230769,2.700000,4,4.250000,4,3,3
445,1,1,1,0,2,4.153846,4.400000,3.900000,3.750000,4,4,3
446,1,1,1,0,1,4.153846,4.400000,2.100000,3.750000,4,4,3
447,1,0,1,0,1,4.076923,4,4.200000,3.750000,4,4,2
448,1,0,1,0,2,3.384615,4.200000,2.400000,5,4,4,3
449,1,1,1,0,1,4.461538,4.400000,3.500000,4,4,4,3
450,2,0,1,0,1,3.076923,4.100000,4.100000,4.250000,4,3,3
451,1,0,1,0,1,4.692308,4.600000,4.200000,3.750000,4,4,2
452,1,0,1,0,1,4.307692,4,4,4.250000,4,3,2
453,1,0,1,0,1,4.538462,3.900000,4.600000,2,4,4,2
454,1,0,1,0,1,3.923077,4.400000,4.300000,2.250000,4,3,3
455,2,0,1,0,2,3.923077,4.400000,3.600000,4.250000,3,4,3
456,1,0,1,0,1,4.384615,4.100000,4.300000,4.250000,4,4,3
457,1,0,1,0,1,4,4.300000,4,4.250000,4,4,3
458,1,0,1,0,1,4.076923,4.300000,4.200000,4.250000,4,4,2
459,2,0,1,0,1,2.384615,2.500000,2,1.500000,4,4,3
460,1,1,1,0,1,4.230769,4.400000,2.100000,2.250000,4,4,2
461,1,0,1,0,2,4.076923,4.300000,4.500000,4,4,4,3
462,1,1,1,0,2,4.307692,2.300000,4.500000,1.750000,4,4,3
463,2,0,1,0,1,4.307692,4,4,1.250000,4,3,3
464,2,0,1,0,1,3.923077,4.500000,4.300000,4,4,4,3
465,1,1,1,0,1,4.076923,4,4.200000,4.500000,4,4,2
466,1,1,1,0,2,3.384615,4,2.600000,1.500000,4,4,2
467,1,1,1,0,2,4.307692,4,4.200000,3.500000,3,3,3
468,2,1,1,0,1,4.153846,4.800000,2.100000,4.500000,4,4,2
469,1,1,1,0,1,3.769231,3.700000,4,4.500000,4,3,3
470,1,0,1,0,1,2.692308,2.600000,1.900000,2.250000,4,4,3
471,1,0,1,0,1,3.769231,3.800000,3.700000,3.750000,4,4,2
472,1,1,1,0,1,4.384615,4.300000,3.900000,3.250000,4,4,2
473,1,0,1,0,1,3.384615,4,4.200000,3,4,4,3
474,1,0,1,0,1,4.076923,4.200000,4.300000,3.500000,4,4,3
475,1,1,1,0,1,3.846154,4.300000,3.800000,4.750000,4,4,2
476,1,0,1,0,2,2,2.300000,3.900000,2,3,4,3
477,2,1,1,0,2,4.076923,4.300000,4.200000,4.250000,4,4,2
478,1,0,1,0,2,4.076923,4,4.100000,5,4,4,3
479,1,1,1,0,2,3.538462,4,4,3.750000,4,4,3
480,1,0,1,0,1,1.615385,2,1.900000,2.500000,4,4,3
481,2,0,1,0,2,4.384615,4,4.600000,2,4,4,3
482,1,1,1,0,2,4.538462,4,4.500000,4.500000,4,3,2
483,2,0,1,0,1,2.153846,2.500000,1.900000,2,4,4,2
484,1,0,1,0,1,4.307692,4.400000,1.900000,4,4,4,3
485,1,0,1,0,1,4.153846,3.600000,4.300000,4,4,4,3
486,2,0,1,0,1,4.230769,4.400000,4.400000,4.250000,4,4,3
487,1,1,1,0,1,4.538462,4.200000,2.500000,1.750000,4,3,3
488,1,0,1,0,1,4.076923,4.300000,3.500000,4,4,4,3
489,2,0,1,0,2,4,3.700000,4.100000,3.500000,3,4,2
490,1,1,0,0,1,3.692308,4.300000,4.100000,3.750000,4,4,3
491,1,0,1,0,2,3.923077,4,4.200000,4,4,3,3
492,1,0,1,0,1,2.615385,4,2.200000,4,4,4,2
493,1,0,1,0,1,4.307692,3.900000,2,2,4,4,3
494,1,0,1,0,2,4.076923,1.400000,4.200000,3.750000,4,4,3
495,2,0,1,0,1,4.230769,4.400000,3.900000,4.250000,4,4,3
496,1,1,0,0,2,2.461538,4.300000,2.100000,2.500000,4,4,3
497,1,0,1,0,1,4.461538,2.100000,2.400000,4,4,4,3
498,1,0,1,0,1,4.153846,4.300000,2.400000,4,4,4,3
499,1,1,1,0,2,4.153846,4.300000,4.300000,4.250000,4,3,3
500,1,0,1,0,1,2.769231,1.700000,1.900000,2.500000,4,4,2
501,2,1,1,0,2,4.307692,4.300000,3.900000,4,4,3,3
502,1,0,1,0,1,4.230769,4.100000,3.900000,2,4,4,2
503,1,0,1,0,2,2.769231,2,2.300000,1.750000,4,3,3
504,1,1,1,0,1,4,4.600000,3.900000,4.500000,4,3,3
505,1,0,1,0,1,4.153846,4.200000,4.100000,3.750000,4,3,2
506,1,0,1,0,2,4.230769,4.400000,4.100000,1.750000,3,4,3
507,2,0,1,0,2,4.230769,3.700000,4.100000,4,3,3,3
508,1,1,1,0,1,3.923077,4.300000,4.200000,4.250000,4,3,2
509,1,1,1,0,2,3.307692,3.800000,3.900000,4,3,4,2
510,1,0,1,0,2,4.461538,4,4.300000,4.250000,4,4,3
511,1,0,1,0,2,3.384615,4,4,1.750000,4,4,3
512,1,0,1,0,1,4.153846,3.700000,4,4,4,4,2
513,1,0,1,0,1,2.153846,1.700000,1.700000,1.750000,4,4,3
514,1,0,1,0,1,4.307692,4.200000,4.200000,1.750000,4,4,3
515,1,0,1,0,2,3.846154,4,4.100000,4,4,4,3
516,1,0,1,0,1,4.076923,4.100000,3.700000,4,4,4,3
517,1,0,1,0,1,3.461538,4.200000,4.300000,3.750000,4,3,3
518,1,0,1,0,2,4,4.300000,4.100000,3.750000,4,3,3
519,1,1,1,0,1,4,4.100000,4.200000,1.500000,4,4,2
520,1,0,1,0,2,4.307692,4.100000,2.400000,4,4,4,3
521,2,0,1,0,2,3.692308,3.800000,3.900000,4,4,4,3
522,1,0,1,0,1,2.692308,1.800000,2,2.500000,4,4,3
523,1,0,0,0,2,2.461538,2.100000,2.200000,2.750000,3,4,2
524,1,0,1,0,1,3.615385,2.400000,3.900000,3.750000,4,4,3
525,1,1,1,0,2,4.076923,4.600000,3.800000,4,3,3,3
526,1,1,1,0,1,4.153846,4.100000,4.300000,5,4,4,3
527,1,0,1,0,1,3.076923,3.800000,2.400000,4,4,4,2
528,1,0,1,0,1,3.538462,4.100000,4.200000,4.250000,4,4,2
529,1,0,1,0,2,2.923077,2.100000,1.600000,2.750000,3,3,3
530,1,0,1,0,2,3.615385,4.200000,3.800000,2.750000,3,4,3
531,1,0,1,0,2,2.923077,4.500000,4.300000,3.750000,4,4,3
532,2,0,1,0,1,2.384615,2.200000,2.100000,2,3,4,3
533,1,0,1,0,2,4.076923,4.200000,4,3.500000,4,3,3
534,1,0,1,0,2,4.076923,2,4.500000,4.250000,3,4,2
535,1,0,1,0,1,4.307692,4.300000,4.400000,3.750000,4,4,2
536,1,0,1,0,1,3.769231,3.800000,2.400000,4.500000,4,4,3
537,1,0,1,0,2,3.692308,3.900000,4.500000,1.750000,3,4,2
538,1,0,1,0,1,4.461538,4.100000,4.200000,4.250000,4,4,3
539,1,1,1,0,1,4.230769,4.200000,3.700000,4,4,3,3
540,1,0,1,0,1,4.076923,4.300000,4,3.750000,4,4,2
541,1,1,1,0,1,3.538462,4,3.900000,3.750000,4,4,2
542,1,0,1,0,2,4.076923,4.200000,4.300000,1.750000,3,4,3
543,1,1,1,0,1,4.153846,4.100000,4.500000,4,4,4,3
544,1,0,1,0,2,3.923077,4.300000,2,3.750000,4,3,3
545,2,1,1,0,1,4.230769,4.100000,4,4.500000,4,4,3
546,1,1,1,0,1,3.846154,4.200000,3.900000,1.750000,4,4,2
547,1,1,1,0,2,4,4.400000,2,3.500000,3,4,3
548,2,0,1,0,1,3.846154,4,4.100000,5,4,4,3
549,2,0,1,0,1,3.384615,4.300000,4,4.500000,4,4,3
550,1,0,0,0,1,2.230769,3.900000,2.200000,1.750000,4,4,3
551,1,1,1,0,2,3.923077,4.200000,2,4.500000,3,4,3
552,1,0,1,0,1,3.307692,4,1.900000,3.500000,4,3,3
553,2,0,1,0,2,3.769231,4.300000,4.100000,4.750000,4,4,2
554,1,1,1,0,2,3.615385,4,2.300000,3.750000,3,4,3
555,1,0,1,0,1,4.153846,4,4.300000,3.250000,4,3,2
556,1,0,1,0,2,3.923077,4.400000,4.100000,4.500000,3,3,3
557,1,0,0,0,1,2.923077,4.400000,2,2.250000,4,4,2
558,1,0,1,0,2,4.153846,4.600000,4.100000,4.250000,3,4,3
559,2,0,1,0,1,3.692308,2,4.300000,4.250000,4,4,2
560,2,1,1,0,1,4.153846,2.600000,4.300000,4.250000,4,4,3
561,2,0,1,0,1,4.153846,4.200000,2.700000,4.250000,4,4,3
562,2,0,1,0,1,4.153846,3.900000,4.400000,2.500000,4,4,3
563,1,0,1,0,1,3.615385,3.800000,4.200000,4.500000,4,4,3
564,1,0,1,0,1,4.230769,4.200000,3.900000,4.250000,4,4,3
565,2,0,1,0,1,2.538462,2,2.600000,2,4,4,2
566,1,1,1,0,1,4.153846,4.400000,4.300000,4.250000,4,4,3
567,1,1,1,0,1,3.692308,4.100000,3.800000,4,4,4,2
568,1,0,1,0,2,4.153846,4.200000,4.500000,3.750000,4,4,3
569,1,0,1,0,2,4.307692,3.900000,3.900000,3.500000,3,4,3
570,1,0,1,0,2,3.538462,4.100000,4.200000,2,4,3,3
571,1,0,0,0,1,2.384615,2.400000,4.300000,1.250000,4,4,2
572,1,0,1,0,1,4.153846,4.100000,1.700000,4.250000,4,3,3
573,1,0,0,0,1,2.846154,2.200000,2.200000,4.500000,4,4,2
574,2,0,1,0,1,1.692308,2.500000,2,2.500000,4,4,2
575,1,0,1,0,1,4.307692,4,2.100000,3,4,4,3
576,1,0,1,0,2,3.615385,4,3.800000,5,4,4,2
577,1,0,1,0,2,4.461538,4,3.900000,4.500000,4,4,3
578,2,0,1,0,1,4.076923,4.100000,4,4,4,3,3
579,1,0,1,0,2,4.153846,4.300000,4.100000,4.250000,4,4,3
580,1,0,1,0,1,4.461538,4.500000,4,5,4,4,3
581,1,1,1,0,2,3.615385,4.200000,2,3.750000,4,4,3
582,1,1,1,0,1,4.230769,4.200000,4.100000,3.250000,4,4,2
583,1,0,1,0,1,4.230769,4.300000,4,4,4,4,3
584,1,0,1,0,2,4.461538,4.300000,4.200000,4,4,4,3
585,1,0,1,0,1,4.076923,4.300000,4.300000,4,4,4,2
586,1,0,1,0,2,4,4.200000,4.100000,3.750000,4,4,2
587,1,1,1,0,1,3.923077,4.300000,4.100000,4,4,3,3
588,2,0,1,0,1,3.846154,4.300000,4,3.500000,4,4,3
589,1,0,1,0,2,3.538462,4.100000,4.300000,2.250000,4,4,2
590,1,0,1,0,1,4.384615,2.200000,4.200000,4.250000,4,3,3
591,2,0,1,0,1,4.461538,4,4.300000,4.250000,4,3,2
592,2,0,1,0,1,4.307692,4.200000,4.300000,4.250000,4,4,3
593,2,0,1,0,1,4,4.400000,4.400000,4,4,3,3
594,1,0,1,0,1,3.923077,4,3.900000,4.250000,4,4,2
595,1,1,1,0,1,3.615385,4.500000,4.100000,4,4,3,3
596,1,0,1,0,1,4.538462,3.900000,4,2.250000,4,4,2
597,2,0,1,0,2,4.076923,4.300000,4.200000,4.500000,3,4,3
598,1,1,1,0,2,4.461538,4.200000,4.300000,4.500000,3,4,2
599,1,0,1,0,2,4.076923,4.300000,4,3.750000,4,3,3
600,1,1,1,0,2,4.230769,4,4.100000,4.500000,3,4,3
601,1,0,1,0,2,4.461538,4.100000,4.400000,3.750000,4,3,3
602,1,0,1,0,2,4.230769,4,4.500000,4,4,4,2
603,1,1,1,0,2,4.384615,4.100000,4.300000,4.250000,3,3,3
604,1,0,1,0,2,3.461538,4.100000,4.100000,4.500000,4,3,3
605,1,0,1,0,1,4.615385,4.300000,4,4,4,4,3
606,1,0,1,0,2,3.538462,3.900000,4,2.750000,3,4,3
607,1,1,1,0,1,3.615385,3.800000,4.100000,2,4,3,2
608,1,0,1,0,1,3.384615,3.800000,2.200000,2.500000,4,3,3
609,1,0,1,0,2,4,4.600000,4.300000,4.250000,4,4,2
610,1,0,1,0,2,2.615385,2.200000,1.800000,1.500000,4,4,3
611,1,0,1,0,2,2.461538,1.800000,4.500000,2.250000,4,4,3
612,1,0,1,0,1,3.769231,4.100000,4,3.750000,4,4,3
613,2,0,1,0,2,4.230769,4.100000,4.400000,4.250000,4,4,2
614,1,0,1,0,1,4.153846,2.300000,4,3.750000,4,4,2
615,1,1,1,0,1,3.923077,4,4,4.250000,4,4,2
616,2,0,1,0,1,3.538462,4.100000,4.200000,3.750000,4,4,2
617,1,0,1,0,1,3.923077,3.800000,4.100000,3.750000,4,3,3
618,1,0,1,0,1,3.461538,4.100000,4.100000,4,4,4,2
619,1,0,1,0,1,4.307692,4.300000,2.100000,4,4,3,2
620,1,1,1,0,1,3.307692,4,4,4.500000,4,3,3
621,1,0,1,0,1,4.307692,4.400000,4.300000,4,4,4,3
622,2,1,1,0,2,4.307692,4.100000,4,4.750000,3,4,2
623,2,0,0,0,2,3.538462,4.300000,4.300000,3.750000,4,4,3
624,2,1,1,0,2,1.615385,2.500000,4.300000,1.750000,4,4,3
625,2,0,1,0,1,4.153846,4,4,3.750000,4,3,3
626,1,1,1,0,1,3.692308,4.500000,4.200000,4.500000,4,3,3
627,2,0,1,0,1,3.230769,3.900000,4.100000,4.250000,4,3,3
628,1,0,1,0,1,3.615385,1.900000,3.800000,2,4,4,2
629,1,0,1,0,1,4.230769,2,4.200000,4.250000,4,4,3
630,1,1,1,0,1,4.153846,4,4.300000,3.750000,4,3,2
631,1,0,1,0,2,4.307692,4.700000,4.100000,3.750000,4,4,2
632,1,0,1,0,1,2,2.100000,2,4,4,3,3
633,1,1,0,0,2,2.153846,4.600000,1.800000,2.500000,3,4,3
634,1,0,1,0,2,3.076923,1.900000,4,4,3,3,3
635,1,0,1,0,1,3.076923,4,4.300000,4.250000,4,4,3
636,1,1,1,0,1,4.153846,4.200000,4,4.500000,4,4,3
637,1,0,1,0,2,1.923077,1.900000,1.600000,1.750000,4,4,3
638,2,1,1,0,1,4,4.400000,4,5,4,4,2
639,2,1,1,0,2,4.384615,4.400000,4.300000,4.250000,4,4,2
640,1,0,1,0,2,4.076923,4.300000,4.200000,4,4,4,2
641,1,1,1,0,1,4.076923,4,4.100000,4,4,4,3
642,1,0,1,0,1,4.076923,4,4,3.750000,4,4,2
643,1,0,1,0,2,3,2.200000,2.400000,2.250000,4,4,2
644,1,0,1,0,2,4.307692,4.300000,4,4.250000,4,4,3
645,2,0,0,0,1,3.615385,4.300000,4,4.250000,4,4,3
646,1,0,1,0,1,4.230769,3.800000,1.700000,4,4,3,3
647,1,0,1,0,1,4.538462,4.600000,4,4.250000,4,4,3
648,2,0,1,0,2,4.153846,4,4.400000,4.500000,4,4,3
649,2,0,1,0,1,4.230769,4.200000,4.100000,4,4,3,3
650,1,0,0,0,1,3.461538,3.800000,4.200000,3.750000,4,4,3
651,1,1,1,0,1,3.615385,2.500000,4,3.750000,4,3,3
652,1,0,1,0,1,4,4.300000,1.600000,2.500000,4,4,3
653,2,0,1,0,1,3.538462,4.400000,3.900000,1.750000,4,3,2
654,1,0,1,0,1,4,3.900000,4.200000,4.500000,4,4,2
655,1,1,0,0,1,3.846154,3.900000,4,3.750000,4,4,3
656,1,0,1,0,1,4.153846,4.200000,4.100000,4,4,4,2
657,2,1,1,0,1,4.230769,4,4.100000,4.500000,4,4,3
658,2,0,0,0,2,2.076923,2.500000,2.400000,2.750000,4,4,3
659,1,0,1,0,1,4,4.300000,3.800000,4,4,4,3
660,1,0,1,0,1,4.230769,4.400000,4.300000,2.500000,4,3,2
661,1,0,1,0,2,4.307692,2.100000,4,4.250000,4,4,3
662,1,0,1,0,1,3.923077,4,4.200000,2.250000,4,3,2
663,1,0,1,0,2,4.230769,4.100000,4.300000,4.250000,3,4,2
664,1,0,1,0,1,4.307692,4,4.200000,4.500000,4,4,2
665,2,1,1,0,2,4.153846,4.200000,4,4.500000,3,4,3
666,1,1,1,0,1,4.230769,2.200000,1.800000,3.500000,4,4,2
667,1,0,1,0,1,4.384615,4,4.600000,4.500000,4,3,3
668,2,0,1,0,1,3.923077,4.100000,4.400000,5,4,4,3
669,1,0,1,0,2,4.230769,4.100000,2.500000,4,4,3,3
670,2,0,1,0,1,1.692308,2.400000,1.700000,2,4,4,3
671,1,0,1,0,1,3.615385,4.200000,4.400000,2.500000,4,4,2
672,1,0,1,0,1,3.769231,4.100000,2.100000,4.500000,4,3,3
673,1,1,1,0,1,3.076923,4.400000,4.400000,4.500000,4,4,2
674,1,1,0,0,2,4,4.300000,4.500000,3.750000,4,4,3
675,1,0,1,0,1,3.384615,4,4.200000,2,4,3,3
676,1,0,1,0,1,3.923077,4.300000,4.300000,4.250000,4,4,3
677,1,0,1,0,2,3.923077,1.800000,4.300000,4.750000,4,4,3
678,1,0,1,0,2,4.076923,4.100000,1.800000,4,4,4,2
679,1,0,1,0,1,4.538462,4.600000,4.300000,4.250000,4,4,3
680,1,1,1,0,1,3.538462,4.500000,4.300000,4.250000,4,4,3
681,1,0,1,0,1,3.307692,4,4.300000,4,4,3,2
682,2,0,1,0,1,3.692308,3.900000,4.400000,3.750000,4,4,3
683,1,1,1,0,1,4,3.800000,3.800000,4,4,4,3
684,1,0,1,0,2,3.692308,4.100000,4.100000,4.500000,4,4,2
685,1,1,1,0,1,4.076923,4.300000,4,4,4,4,2
686,1,0,1,0,1,3.769231,4.300000,4.100000,4.250000,4,4,3
687,1,0,1,0,2,4.230769,4.200000,4.100000,4.250000,3,3,3
688,1,0,1,0,1,2.307692,2.100000,2.200000,4.250000,4,3,2
689,2,1,1,0,1,3.384615,4,4.500000,4,4,3,3
690,1,0,1,0,1,3.769231,4.100000,4,4.250000,4,4,2
691,1,1,1,0,1,3.692308,4.300000,4.100000,4.750000,4,3,2
692,1,0,1,0,2,4.230769,4.100000,4,4,4,4,3
693,1,1,1,0,1,4.230769,4.200000,4.300000,4.500000,4,4,3
694,1,1,1,0,1,4.076923,2.200000,2.100000,1.500000,4,3,3
695,1,0,1,0,1,3.692308,2.500000,4,4,4,4,2
696,1,0,1,0,1,4.076923,4.400000,4.100000,3.500000,4,4,2
697,1,0,0,0,1,3.923077,4,4.400000,4.250000,4,3,3
698,2,1,1,0,2,4.153846,3.900000,4.100000,3.750000,4,3,2
699,1,0,1,0,2,3.538462,4.100000,4,4.750000,4,4,2
700,1,0,1,0,1,4.076923,3.700000,3.900000,5,4,4,2
701,1,1,1,0,1,3.692308,4.100000,4,4,4,4,2
702,2,1,1,0,1,3.923077,3.900000,4.300000,4,4,4,3
703,1,0,1,0,1,4.153846,4,3.900000,4.250000,4,4,3
704,1,0,1,0,2,4.384615,1.900000,4.200000,3.750000,3,3,2
705,1,1,1,0,2,4.384615,4.200000,3.900000,4.250000,4,4,2
706,2,1,1,0,1,3.230769,1.500000,2.100000,4.750000,4,4,3
707,1,0,1,0,1,3.615385,3.900000,4.200000,3.750000,4,4,2
708,2,0,1,0,2,2.615385,4.400000,4,1.750000,4,4,3
709,2,0,1,0,2,4.153846,3.700000,4.300000,3.500000,3,4,3
710,2,0,1,0,1,4.230769,2.300000,4,4.250000,4,4,3
711,2,0,1,0,1,3.615385,4.300000,4,2.250000,4,4,2
712,1,0,1,0,1,3.769231,4,2.200000,4.750000,4,4,2
713,2,0,1,0,1,4.230769,4,3.900000,4.500000,4,4,3
714,2,0,1,0,2,3.769231,4.300000,4.500000,4,4,4,3
715,1,0,1,0,1,3.230769,4,4.200000,4.250000,4,3,3
716,1,1,1,0,2,3.769231,2.500000,4.200000,4.500000,3,3,3
717,2,0,1,0,2,4,4.700000,4,4.250000,3,4,3
718,1,0,1,0,2,4.384615,4.200000,4.100000,4.250000,4,3,3
719,1,1,1,0,2,3.769231,4.100000,3.900000,4,4,3,3
720,1,1,1,0,2,3.307692,4.100000,4.400000,3.500000,4,3,3
721,1,0,1,0,1,3.846154,4.600000,4.200000,4.500000,4,4,3
722,1,1,1,0,1,4.230769,4.600000,2.100000,4,4,3,2
723,1,1,1,0,1,3.923077,4.400000,4.300000,4.250000,4,3,3
724,1,0,1,0,2,4.461538,4.400000,4.200000,4.250000,3,4,3
725,1,0,1,0,2,3.923077,4.400000,4.500000,4,3,3,3
726,1,0,0,0,1,2.846154,4.300000,2.500000,4.250000,4,3,3
727,2,1,1,0,2,4.230769,4.200000,4,4.500000,4,4,2
728,1,0,1,0,1,3,2.500000,4.400000,2,4,3,3
729,1,0,1,0,1,4.153846,2.200000,3.800000,4.250000,4,4,2
730,2,1,1,0,1,4.153846,4.300000,3.900000,4,4,4,2
731,1,0,0,0,2,3.923077,2.100000,4.500000,4,3,3,3
732,1,0,1,0,1,4,4.300000,4,3.750000,4,3,3
733,2,0,0,0,1,1.923077,2,4.500000,2.250000,4,4,2
734,1,1,1,0,1,3.846154,4.300000,4.200000,3.500000,4,3,2
735,2,0,1,0,1,3.615385,1.700000,4.300000,1.750000,4,4,3
736,1,0,1,0,1,3.384615,3.800000,4.100000,4.500000,4,4,3
737,1,0,1,0,2,4,4,3.900000,4,4,4,2
738,2,0,1,0,1,3.615385,4,2.200000,3.750000,3,4,3
739,1,0,1,0,1,3.230769,3.900000,3.800000,3.500000,4,4,3
740,2,1,1,0,2,4,4.100000,4.300000,1.750000,3,3,2
741,1,0,1,0,1,4.307692,4.100000,4.100000,3.500000,4,3,3
742,1,0,1,0,1,4.153846,3.800000,4.500000,4.500000,4,4,2
743,1,0,1,0,1,3.615385,4,4,4,4,4,3
744,1,0,1,0,2,3.769231,4.100000,4,4,3,3,3
745,2,1,1,0,2,3.692308,2,4.100000,2,4,3,3
746,1,0,1,0,1,3.153846,1.600000,2,4,4,4,3
747,2,1,1,0,1,3.923077,4.200000,3.600000,4.500000,4,4,3
748,2,0,1,0,2,4.153846,4.300000,4,4.500000,4,4,3
749,1,0,1,0,1,3.307692,4.600000,4.200000,4.500000,4,4,2
750,1,1,0,0,1,4.076923,3.700000,4.200000,4.500000,4,3,3
751,1,1,1,0,1,3.461538,4.100000,3.600000,4.750000,4,4,3
752,1,0,1,0,1,2.076923,2.400000,2.300000,1.500000,4,3,3
753,1,1,1,0,1,4.153846,4.500000,1.900000,4,4,3,3
754,1,1,1,0,1,3.692308,4,4.200000,3.250000,4,3,2
755,1,0,0,0,1,2,1.700000,2.800000,1.750000,4,4,3
756,1,0,1,0,1,4,4.300000,2.500000,4.250000,4,4,3
757,1,0,1,0,1,4.230769,4,3.600000,4.500000,4,4,2
758,1,0,1,0,2,3.769231,4.200000,4.200000,4,3,4,2
759,1,1,1,0,2,4.076923,4.200000,4.100000,3.750000,4,4,2
760,1,0,1,0,1,4.153846,1.800000,2.100000,4.500000,4,4,3
761,1,0,1,0,1,3.461538,4.300000,3.500000,3.750000,4,4,3
762,1,1,0,0,1,3.384615,2.200000,2,2.500000,4,4,3
763,1,0,1,0,2,4.230769,4.300000,4,4.250000,4,4,3
764,1,0,1,0,1,2.076923,4.300000,4.200000,2.500000,4,4,3
765,1,1,1,0,1,4.230769,4,2.400000,4.500000,4,4,3
766,1,0,1,0,2,4.076923,3.900000,4.200000,4.500000,4,4,3
767,2,0,1,0,1,4.076923,4.300000,4.200000,4.500000,4,3,3
768,1,1,1,0,2,3.615385,4.300000,4,3.250000,4,4,2
769,1,1,1,0,1,4.307692,4.100000,4.100000,3.750000,4,4,3
770,1,1,1,0,1,4.153846,4.600000,3.600000,3.750000,4,4,2
771,1,0,1,0,1,4.230769,4.100000,4,4.250000,4,4,3
772,1,0,1,0,1,4.076923,4,4,3.500000,4,4,2
773,1,0,1,0,1,3.923077,3.700000,4.400000,4,4,4,3
774,1,0,1,0,1,4.461538,4.500000,4.200000,4.250000,4,3,2
775,1,0,1,0,2,4.384615,2.100000,4,3.750000,4,3,2
776,2,0,1,0,1,4.307692,3.900000,3.900000,3.750000,4,4,3
777,1,0,0,0,1,3,2,1.500000,2.750000,4,4,3
778,1,0,1,0,1,4.230769,4.300000,1.600000,4.250000,4,4,3
779,2,0,1,0,2,3.461538,4.500000,4.200000,4,4,4,2
780,2,0,1,0,2,4.461538,4,4.200000,5,3,3,2
781,1,0,1,0,1,3.461538,4.100000,4.600000,4.500000,4,4,2
782,1,0,1,0,1,3.923077,3.700000,1.600000,4.250000,4,4,3
783,1,0,1,0,2,4.076923,4.300000,1.800000,4.250000,4,3,2
784,1,0,1,0,1,3.230769,4.100000,4.200000,4,4,4,3
785,1,0,1,0,1,4.307692,4,4,4.500000,4,4,3
786,2,0,1,0,1,2.769231,2.500000,2.100000,2,4,4,3
787,1,0,1,0,2,4.307692,1.900000,4.100000,4.250000,3,4,2
788,1,0,1,0,1,4.307692,4,4,4.750000,4,4,3
789,1,0,1,0,1,3.307692,4.200000,3.900000,3.250000,4,4,3
790,1,0,1,0,1,3.769231,3.800000,4.300000,3.500000,4,4,3
791,1,1,1,0,2,4.230769,4.200000,4.300000,4,3,4,2
792,2,0,1,0,1,4.307692,3.800000,4.200000,4.250000,4,3,3
793,2,1,1,0,2,4.230769,4.100000,3.800000,4.500000,3,4,3
794,1,0,1,0,1,4.307692,4.100000,4,4,4,4,2
795,1,0,1,0,2,3.923077,2.100000,4.300000,3.750000,4,3,3
796,1,0,1,0,2,4.076923,3.900000,3.900000,4.250000,3,4,2
797,1,0,1,0,1,3.846154,4.300000,4.400000,2.750000,4,4,3
798,1,1,0,0,2,2,2.200000,2.200000,3,3,4,3
799,1,0,1,0,1,2.384615,3.900000,4.100000,4.250000,4,3,2
800,1,1,0,0,1,3.153846,2,3.800000,2,4,4,2
801,1,0,0,0,1,3.538462,4.300000,4,4,4,4,2
802,1,1,1,0,1,3.769231,4,4.400000,4,4,4,3
803,1,0,1,0,1,3.461538,3.800000,4.200000,3.750000,4,4,3
804,1,0,1,0,2,4.307692,1.900000,4.100000,4.250000,4,4,3
805,1,0,1,0,2,3.846154,4.200000,4.200000,4.250000,4,3,2
806,1,1,1,0,2,4.307692,4.600000,4.400000,4.500000,3,3,2
807,1,0,1,0,1,2.307692,2.100000,1.900000,1.500000,4,4,2
808,1,1,1,0,2,4.076923,4,4.200000,4,4,3,2
809,2,1,1,0,2,3.846154,4.300000,4,4,4,4,3
810,1,0,1,0,1,4.615385,4.100000,4,4.500000,4,4,3
811,2,1,1,0,2,4.153846,2.300000,4.600000,3.750000,4,4,2
812,1,1,1,0,2,3.538462,4.200000,4,4,4,4,3
813,1,1,1,0,2,4.076923,4.100000,4,2.750000,4,4,3
814,2,0,1,0,2,3.769231,3.900000,4.100000,4.500000,4,4,3
815,1,0,0,0,2,2.461538,1.700000,2.400000,2.750000,3,3,2
816,2,1,1,0,2,4.153846,1.900000,4,3.750000,4,3,3
817,1,0,1,0,1,3.307692,4,4.500000,4.250000,4,4,3
818,2,0,1,0,1,3.769231,4,4.100000,4.750000,4,4,3
819,1,0,1,0,1,4,4.200000,4,4.250000,4,4,3
820,1,0,1,0,2,3.923077,4,4.500000,4,4,4,2
821,1,0,0,0,2,3.846154,4.100000,3.900000,4,4,3,3
822,1,0,1,0,2,3.692308,4.100000,4,1.500000,4,4,3
823,2,1,1,0,2,2.461538,2.300000,2.400000,4,4,4,3
824,1,0,1,0,2,3.538462,4.200000,4.100000,2.500000,4,3,2
825,2,0,1,0,1,4.153846,4.200000,2.400000,4,4,4,3
826,1,0,1,0,1,4,4,4.400000,4.250000,4,4,3
827,1,1,1,0,1,4,4.200000,3.600000,3.750000,4,4,2
828,2,0,1,0,1,2.692308,2.400000,1.800000,1.500000,4,4,2
829,1,0,1,0,1,4.153846,4.200000,4.100000,3.250000,4,3,2
830,1,0,1,0,2,3.615385,4.100000,4.400000,4.750000,3,4,3
831,2,1,1,0,1,4.384615,3.700000,3.900000,4.250000,4,4,3
832,1,0,1,0,1,4.076923,3.900000,1.600000,1.750000,4,4,2
833,1,1,1,0,1,4.307692,4.200000,4.500000,3.750000,4,4,3
834,1,1,1,0,1,2.230769,2,2.100000,2,4,4,2
835,1,0,1,0,1,3.384615,4.200000,4.300000,4,4,4,3
836,1,0,1,0,2,4,3.900000,4.100000,2.500000,3,4,3
837,1,0,1,0,1,4.230769,4.200000,4.100000,2,4,4,2
838,2,0,1,0,2,3.769231,4,4.300000,4,3,4,3
839,1,0,1,0,1,3.538462,1.800000,4.500000,4.500000,4,3,3
840,1,0,1,0,1,3.846154,4.100000,4.200000,3.500000,4,4,3
841,2,1,1,0,2,2.538462,2.100000,2.500000,2.750000,4,4,2
842,1,0,1,0,1,3.692308,4.200000,4,4.500000,4,4,3
843,1,0,1,0,2,3.923077,4,4.100000,4.250000,3,3,3
844,1,0,1,0,1,4.307692,4.200000,4.200000,4.250000,4,4,2
845,1,1,1,0,1,4.384615,4,4.100000,4.250000,4,4,3
846,1,0,1,0,1,4.230769,4.100000,4.100000,4.750000,4,4,3
847,1,0,1,0,2,4.076923,4.200000,4.200000,4.500000,4,4,3
848,2,0,1,0,2,4.153846,4.100000,3.600000,4,4,4,2
849,1,0,0,0,1,2.846154,2.300000,1.900000,3,4,4,3
850,1,1,1,0,1,3.230769,4.400000,4,4.250000,4,4,3
851,1,0,1,0,1,3.923077,3.900000,4,4.250000,4,3,2
852,2,1,1,0,1,3.846154,3.800000,4.300000,4,4,4,3
853,1,0,1,0,1,4,2.100000,3.900000,4,4,4,2
854,1,0,1,0,1,4.153846,2.400000,4,4.250000,4,3,3
855,1,0,1,0,2,4.153846,1.800000,1.900000,3.750000,3,3,3
856,1,0,1,0,1,4.461538,3.900000,4.400000,3.750000,4,4,3
857,1,0,0,0,2,2.384615,2.500000,2,2.750000,4,4,3
858,2,0,1,0,2,3.692308,4.200000,4.600000,2.250000,3,3,3
859,1,0,1,0,1,3.307692,4.100000,4.500000,3.500000,4,4,3
860,1,0,1,0,1,4.230769,1.900000,4,3.250000,4,4,3
861,1,1,1,0,1,3.615385,1.800000,4.400000,4.500000,4,3,2
862,1,0,1,0,2,1.923077,2.200000,2,3,4,3,3
863,1,0,1,0,1,3.615385,4.200000,4.100000,4,4,4,3
864,1,0,1,0,1,3.923077,4,4.200000,4.250000,4,4,3
865,1,1,1,0,2,4.230769,4,3.900000,1.500000,3,4,2
866,2,1,1,0,2,4.307692,3.900000,4.400000,3.750000,3,4,3
867,1,0,0,0,2,2.692308,2.200000,2.100000,1.750000,3,4,2
868,2,1,1,0,1,3.692308,4,4.200000,4.500000,4,4,2
869,1,0,1,0,2,4.307692,4,4.100000,4.250000,3,4,3
870,2,0,1,0,1,4.307692,3.800000,2.500000,4,4,4,3
871,2,0,1,0,1,3.384615,4.400000,4,1.750000,4,3,3
872,1,1,0,0,1,2.076923,4.300000,2,4.250000,4,4,2
873,1,0,1,0,1,4.230769,3.600000,4.100000,3.250000,4,4,3
874,1,0,1,0,2,4.153846,3.900000,4.400000,4,3,3,3
875,1,1,1,0,1,4.153846,4,4.300000,2.500000,4,4,3
876,2,0,1,0,2,3.846154,4.200000,4.100000,4.250000,3,4,3
877,1,0,1,0,1,2.461538,2.300000,1.800000,4,4,4,3
878,1,1,1,0,2,4.230769,4.100000,4.100000,4.500000,3,3,3
879,1,0,1,0,1,2.307692,2.300000,1.800000,2,4,4,3
880,1,0,1,0,2,3.923077,4.600000,4.100000,4.500000,4,4,3
881,1,0,1,0,1,3.692308,4.100000,3.900000,4.250000,4,4,2
882,1,0,1,0,1,4,4.200000,4.300000,4.250000,4,3,2
883,1,1,1,0,2,4.076923,4.300000,3.800000,4,4,3,3
884,1,1,1,0,2,4,4.100000,4,4,3,4,3
885,1,1,1,0,1,1.615385,2.400000,1.900000,2,4,4,3
886,1,0,1,0,2,3.846154,3.900000,4.400000,3.750000,4,4,3
887,1,0,1,0,1,4.461538,4.400000,3.900000,3.500000,4,4,2
888,1,0,1,0,1,2.923077,4.200000,4.100000,3.500000,4,4,2
889,1,0,1,0,1,4.076923,3.900000,4.100000,4,4,4,2
890,2,0,0,0,1,2.538462,2.200000,3.800000,2.500000,4,4,3
891,2,0,1,0,1,4,3.900000,3.800000,3.750000,4,4,2
892,1,0,1,0,2,4.076923,4.400000,4.100000,4,3,4,3
893,1,1,1,0,1,2.230769,1.800000,2.300000,1.750000,4,4,3
894,1,0,1,0,1,4.307692,4.100000,4.100000,3.750000,4,4,3
895,1,0,1,0,2,4.153846,4.100000,4.200000,5,3,4,3
896,1,0,1,0,2,3.461538,4.300000,4.200000,1.500000,3,4,3
897,1,0,1,0,1,4.076923,4.300000,4.100000,4.750000,4,3,3
898,1,0,1,0,2,4.307692,4.100000,3.900000,4.500000,3,4,3
899,1,0,1,0,1,4.153846,4.100000,2.100000,4.250000,4,4,3
900,1,0,1,0,2,4.153846,2.400000,4,4.250000,4,3,2
901,1,1,1,0,1,4.307692,2.100000,2.100000,4.500000,4,4,3
902,1,0,1,0,1,4.307692,4,4.100000,4.250000,4,4,3
903,2,1,1,0,1,3.615385,4.400000,4,2.250000,4,4,3
904,1,0,1,0,2,3.923077,2.500000,4,3.500000,3,4,2
905,1,0,1,0,1,2.384615,1.800000,1.800000,2,4,3,3
906,1,1,1,0,1,4.153846,4.600000,3.900000,4,4,4,3
907,1,0,1,0,2,3.461538,4.300000,4.200000,4.500000,3,4,2
908,1,1,1,0,2,4.076923,4.200000,4.300000,3.750000,4,4,3
909,1,1,1,0,1,3.615385,4.400000,3.900000,4.250000,4,4,3
910,1,0,1,0,2,4.230769,4.300000,4,4.500000,4,3,3
911,1,0,1,0,2,2.846154,1.900000,2,2.250000,3,4,3
912,1,1,1,0,2,3.615385,4.200000,4.100000,5,4,3,3
913,1,0,1,0,2,4.307692,2.100000,4.400000,3.500000,4,4,3
914,1,1,1,0,2,4,3.900000,4.300000,4,3,4,2
915,1,0,1,0,1,4,3.700000,4,1.500000,4,3,3
916,1,0,1,0,2,4,4.200000,4,4.500000,3,4,2
917,1,0,1,0,2,3.615385,4.100000,4,4.250000,4,4,3
918,1,0,1,0,1,3.615385,4.800000,3.600000,4.250000,4,3,3
919,1,0,1,0,2,2.846154,4.100000,2.400000,1.500000,4,4,2
920,1,0,1,0,2,3.230769,4,4.200000,3.750000,3,4,3
921,1,0,1,0,1,4.384615,4.300000,4,4.250000,4,4,3
922,1,0,1,0,2,4,4.300000,4.400000,4.750000,3,4,3
923,1,0,1,0,2,2.923077,3.800000,4,4.750000,4,4,2
924,1,0,1,0,1,3.615385,4.100000,4.100000,3.750000,4,3,3
925,1,0,1,0,2,3.923077,4.200000,4,3.500000,3,4,3
926,1,0,1,0,1,4.384615,4,4.300000,4.500000,4,4,3
927,1,0,1,0,2,3.615385,4.200000,4.100000,4.250000,3,3,2
928,1,0,1,0,2,3.153846,4,4.100000,2.250000,4,4,2
929,2,0,1,0,1,3.692308,4,4,5,4,4,2
930,1,0,1,0,1,4.153846,4,4.100000,4.250000,4,4,3
931,1,0,1,0,1,4.153846,4.400000,4.200000,4.500000,4,3,2
932,2,0,1,0,1,2.769231,1.600000,2.300000,2,4,4,3
933,1,0,1,0,1,4.307692,4.100000,4,3.750000,4,4,3
934,1,0,1,0,1,4.153846,2.200000,4,4.500000,4,3,3
935,1,0,1,0,1,4.153846,4.200000,3.900000,3.750000,4,4,2
936,1,0,1,0,1,4.230769,4.400000,3.800000,4.750000,4,4,3
937,1,0,1,0,2,4.076923,4.400000,4.400000,4.750000,3,3,3
938,1,0,1,0,1,4.076923,4.100000,4.300000,3.500000,4,3,3
939,1,0,1,0,1,4.384615,4.400000,4.200000,4,4,3,3
940,2,1,1,0,1,4.076923,4.500000,4,4,4,4,3
941,1,0,1,0,1,3.307692,4.300000,4.300000,4.250000,4,4,3
942,1,0,0,0,2,3.230769,4,1.800000,3.750000,3,4,3
943,1,1,1,0,2,4.153846,4.700000,4.300000,4,3,4,3
944,1,1,1,0,1,2.846154,2,2.300000,1.500000,4,4,3
945,1,0,1,0,1,4.153846,4.100000,4.200000,4.500000,4,4,2
946,1,0,1,0,1,4.230769,4.400000,3.800000,4.500000,4,4,2
947,1,0,1,0,1,3.615385,4.200000,4.300000,3.500000,4,3,2
948,1,1,1,0,2,3.846154,3.900000,4,4.250000,4,4,3
949,2,1,1,0,2,4.307692,4.200000,4.300000,4,4,4,2
950,2,0,1,0,1,4.153846,4.200000,4.100000,5,4,4,3
951,1,1,1,0,2,4.461538,4.300000,4.400000,4,3,4,3
952,2,0,1,0,1,3.615385,4.100000,4.300000,4.250000,4,3,3
953,1,1,0,0,2,2.692308,2.200000,2,1.500000,3,3,2
954,2,0,1,0,1,4.153846,4.500000,1.500000,4.250000,4,4,2
955,1,0,1,0,1,3.769231,3.800000,4,4.500000,4,3,3
956,1,0,1,0,2,4.384615,4.100000,2.400000,4.250000,4,4,3
957,1,0,1,0,1,3.846154,4.200000,3.900000,4.500000,4,4,3
958,1,0,1,0,2,3.461538,3.900000,4,4.250000,4,4,3
959,1,0,1,0,2,4.615385,4.100000,1.800000,4.500000,4,3,2
960,1,0,0,0,1,3.384615,4,3.600000,1.500000,4,4,3
961,1,0,1,0,1,4.307692,4.300000,4,4.500000,4,4,3
