respondent_id,hard_cluster,hard_cluster_name,culture_affinity_score,segment_certainty,soft_segment
1,1,文化深度体验型,0.9973455994621345,0.9946911989242689,高亲和C2_文化深度型
2,2,价格优惠敏感型,0.036734698955212364,0.9265306020895752,高亲和C1_价格权益型
3,1,文化深度体验型,0.8860093727887631,0.7720187455775264,高亲和C1_价格权益型
4,1,文化深度体验型,0.9928010204414366,0.9856020408828732,高亲和C2_文化深度型
5,2,价格优惠敏感型,0.001903566209475849,0.9961928675810482,高亲和C1_价格权益型
6,1,文化深度体验型,0.9907659613624034,0.9815319227248067,高亲和C2_文化深度型
7,1,文化深度体验型,0.9911138642404098,0.9822277284808196,高亲和C2_文化深度型
8,1,文化深度体验型,0.9496964817125065,0.899392963425013,灰区_待探索
9,1,文化深度体验型,0.9784660748799825,0.956932149759965,灰区_待探索
10,1,文化深度体验型,0.9931047027155646,0.9862094054311292,高亲和C2_文化深度型
11,1,文化深度体验型,0.9825610787844933,0.9651221575689866,灰区_待探索
12,1,文化深度体验型,0.8830683003087808,0.7661366006175616,高亲和C1_价格权益型
13,1,文化深度体验型,0.9921174369762328,0.9842348739524654,高亲和C2_文化深度型
14,2,价格优惠敏感型,0.009912162997288799,0.9801756740054224,高亲和C1_价格权益型
15,1,文化深度体验型,0.993158163582837,0.9863163271656742,高亲和C2_文化深度型
16,1,文化深度体验型,0.9880352512829766,0.9760705025659533,灰区_待探索
17,2,价格优惠敏感型,0.3420404973127532,0.31591900537449347,高亲和C1_价格权益型
18,1,文化深度体验型,0.9982955736598245,0.9965911473196489,高亲和C2_文化深度型
19,1,文化深度体验型,0.9898225707416282,0.9796451414832564,灰区_待探索
20,2,价格优惠敏感型,0.4198125014547938,0.1603749970904123,高亲和C1_价格权益型
21,1,文化深度体验型,0.9860149137208298,0.9720298274416597,灰区_待探索
22,1,文化深度体验型,0.9902340969588606,0.9804681939177211,灰区_待探索
23,1,文化深度体验型,0.9983524250134643,0.9967048500269285,高亲和C2_文化深度型
24,1,文化深度体验型,0.8203489893921304,0.6406979787842608,高亲和C1_价格权益型
25,1,文化深度体验型,0.8873135490465787,0.7746270980931574,高亲和C1_价格权益型
26,1,文化深度体验型,0.8467954169582397,0.6935908339164792,高亲和C1_价格权益型
27,2,价格优惠敏感型,0.002500324427818244,0.9949993511443636,高亲和C1_价格权益型
28,1,文化深度体验型,0.9982279174189699,0.9964558348379398,高亲和C2_文化深度型
29,1,文化深度体验型,0.9833713126523517,0.9667426253047033,灰区_待探索
30,1,文化深度体验型,0.9915035190064416,0.9830070380128832,高亲和C2_文化深度型
31,1,文化深度体验型,0.9923739453002065,0.984747890600413,高亲和C2_文化深度型
32,2,价格优惠敏感型,0.005547061948772389,0.9889058761024553,高亲和C1_价格权益型
33,1,文化深度体验型,0.9978542473460253,0.9957084946920507,高亲和C2_文化深度型
34,1,文化深度体验型,0.9937436217464313,0.9874872434928627,高亲和C2_文化深度型
35,1,文化深度体验型,0.9356986156307256,0.8713972312614513,灰区_待探索
36,1,文化深度体验型,0.890872621601862,0.781745243203724,高亲和C1_价格权益型
37,1,文化深度体验型,0.9920955535792524,0.9841911071585049,高亲和C2_文化深度型
38,1,文化深度体验型,0.5902204113518251,0.18044082270365036,高亲和C1_价格权益型
39,1,文化深度体验型,0.9926834683640429,0.9853669367280857,高亲和C2_文化深度型
40,1,文化深度体验型,0.9932380917699709,0.9864761835399418,高亲和C2_文化深度型
41,1,文化深度体验型,0.8510719306064461,0.7021438612128923,高亲和C1_价格权益型
42,1,文化深度体验型,0.9888553361405971,0.9777106722811941,灰区_待探索
43,2,价格优惠敏感型,0.1171642621578165,0.7656714756843671,高亲和C1_价格权益型
44,1,文化深度体验型,0.9902485700278187,0.9804971400556374,灰区_待探索
45,1,文化深度体验型,0.9916830006666307,0.9833660013332615,高亲和C2_文化深度型
46,1,文化深度体验型,0.9856856724223162,0.9713713448446323,灰区_待探索
47,1,文化深度体验型,0.993328171088249,0.986656342176498,高亲和C2_文化深度型
48,1,文化深度体验型,0.9980307650011196,0.9960615300022392,高亲和C2_文化深度型
49,1,文化深度体验型,0.992612002454405,0.98522400490881,高亲和C2_文化深度型
50,2,价格优惠敏感型,0.38109790744263233,0.2378041851147354,高亲和C1_价格权益型
51,1,文化深度体验型,0.9835053472045293,0.9670106944090586,灰区_待探索
52,1,文化深度体验型,0.991871980177137,0.983743960354274,高亲和C2_文化深度型
53,1,文化深度体验型,0.9937761963224718,0.9875523926449437,高亲和C2_文化深度型
54,1,文化深度体验型,0.9719791607360626,0.9439583214721252,灰区_待探索
55,1,文化深度体验型,0.7966406893712177,0.5932813787424353,高亲和C1_价格权益型
56,1,文化深度体验型,0.9890370959629186,0.978074191925837,灰区_待探索
57,1,文化深度体验型,0.5133986664831464,0.026797332966292664,高亲和C1_价格权益型
58,2,价格优惠敏感型,0.0073982295879974885,0.985203540824005,高亲和C1_价格权益型
59,1,文化深度体验型,0.9629660427572352,0.9259320855144704,灰区_待探索
60,1,文化深度体验型,0.9952035088234638,0.9904070176469275,高亲和C2_文化深度型
61,1,文化深度体验型,0.9896808110251751,0.9793616220503503,灰区_待探索
62,1,文化深度体验型,0.9898608624642989,0.9797217249285979,灰区_待探索
63,1,文化深度体验型,0.992335214207099,0.984670428414198,高亲和C2_文化深度型
64,1,文化深度体验型,0.9935042618807965,0.9870085237615931,高亲和C2_文化深度型
65,1,文化深度体验型,0.9900396419680193,0.9800792839360387,灰区_待探索
66,1,文化深度体验型,0.9714531766057382,0.9429063532114763,灰区_待探索
67,1,文化深度体验型,0.8436075501430225,0.6872151002860449,高亲和C1_价格权益型
68,2,价格优惠敏感型,0.19967004816229086,0.6006599036754182,高亲和C1_价格权益型
69,1,文化深度体验型,0.9803246258623977,0.9606492517247952,灰区_待探索
70,1,文化深度体验型,0.9907048504967461,0.9814097009934921,高亲和C2_文化深度型
71,1,文化深度体验型,0.8258466557199667,0.6516933114399336,高亲和C1_价格权益型
72,1,文化深度体验型,0.9910210315315064,0.9820420630630129,高亲和C2_文化深度型
73,2,价格优惠敏感型,0.1424069043198372,0.7151861913603257,高亲和C1_价格权益型
74,1,文化深度体验型,0.9918225686887956,0.9836451373775911,高亲和C2_文化深度型
75,1,文化深度体验型,0.9983111135825486,0.9966222271650973,高亲和C2_文化深度型
76,2,价格优惠敏感型,0.03044537674133339,0.9391092465173333,高亲和C1_价格权益型
77,1,文化深度体验型,0.9647391126005602,0.9294782252011203,灰区_待探索
78,1,文化深度体验型,0.9854423052873557,0.9708846105747113,灰区_待探索
79,2,价格优惠敏感型,0.10554490372202348,0.788910192555953,高亲和C1_价格权益型
80,1,文化深度体验型,0.9940443976458753,0.9880887952917504,高亲和C2_文化深度型
81,1,文化深度体验型,0.9696574322199925,0.9393148644399849,灰区_待探索
82,2,价格优惠敏感型,0.2774964993540189,0.44500700129196225,高亲和C1_价格权益型
83,1,文化深度体验型,0.5860319145998628,0.17206382919972563,高亲和C1_价格权益型
84,1,文化深度体验型,0.9801436053138077,0.9602872106276156,灰区_待探索
85,1,文化深度体验型,0.993623316027792,0.9872466320555839,高亲和C2_文化深度型
86,1,文化深度体验型,0.9981504650487586,0.9963009300975172,高亲和C2_文化深度型
87,1,文化深度体验型,0.9829542683134971,0.9659085366269942,灰区_待探索
88,2,价格优惠敏感型,0.19874555653528744,0.6025088869294251,高亲和C1_价格权益型
89,1,文化深度体验型,0.9884406668663733,0.9768813337327467,灰区_待探索
90,1,文化深度体验型,0.9742334847730929,0.9484669695461858,灰区_待探索
91,1,文化深度体验型,0.9657371564545802,0.9314743129091606,灰区_待探索
92,1,文化深度体验型,0.9939683797542627,0.9879367595085253,高亲和C2_文化深度型
93,1,文化深度体验型,0.9851205406823774,0.9702410813647548,灰区_待探索
94,1,文化深度体验型,0.9848359105618126,0.9696718211236253,灰区_待探索
95,2,价格优惠敏感型,0.12317667584299119,0.7536466483140176,高亲和C1_价格权益型
96,1,文化深度体验型,0.989925498181951,0.979850996363902,灰区_待探索
97,1,文化深度体验型,0.9871096927698269,0.9742193855396537,灰区_待探索
98,1,文化深度体验型,0.9941227678468553,0.9882455356937107,高亲和C2_文化深度型
99,1,文化深度体验型,0.9932429850460692,0.9864859700921385,高亲和C2_文化深度型
100,2,价格优惠敏感型,0.004910404041362526,0.9901791919172749,高亲和C1_价格权益型
101,1,文化深度体验型,0.9901769032049212,0.9803538064098425,灰区_待探索
102,1,文化深度体验型,0.9955560640290144,0.9911121280580288,高亲和C2_文化深度型
103,1,文化深度体验型,0.7623889846198003,0.5247779692396007,高亲和C1_价格权益型
104,1,文化深度体验型,0.9887598902671729,0.977519780534346,灰区_待探索
105,1,文化深度体验型,0.9665397887323033,0.9330795774646066,灰区_待探索
106,2,价格优惠敏感型,0.27368242026637807,0.4526351594672438,高亲和C1_价格权益型
107,2,价格优惠敏感型,0.00786808140582915,0.9842638371883417,高亲和C1_价格权益型
108,1,文化深度体验型,0.9680360046913449,0.9360720093826898,灰区_待探索
109,2,价格优惠敏感型,0.06124693839802983,0.8775061232039403,高亲和C1_价格权益型
110,1,文化深度体验型,0.9891838263372447,0.9783676526744892,灰区_待探索
111,1,文化深度体验型,0.9944854755286519,0.9889709510573037,高亲和C2_文化深度型
112,1,文化深度体验型,0.9751465888714819,0.9502931777429636,灰区_待探索
113,2,价格优惠敏感型,0.35856577242544135,0.28286845514911735,高亲和C1_价格权益型
114,1,文化深度体验型,0.9952410135641545,0.990482027128309,高亲和C2_文化深度型
115,1,文化深度体验型,0.526971463983364,0.05394292796672806,高亲和C1_价格权益型
116,1,文化深度体验型,0.9860542188403332,0.9721084376806663,灰区_待探索
117,1,文化深度体验型,0.9751314514752291,0.9502629029504581,灰区_待探索
118,1,文化深度体验型,0.8508533146663115,0.7017066293326232,高亲和C1_价格权益型
119,1,文化深度体验型,0.9948169118648631,0.9896338237297262,高亲和C2_文化深度型
120,1,文化深度体验型,0.8699878338566702,0.7399756677133402,高亲和C1_价格权益型
121,1,文化深度体验型,0.9862331628101795,0.9724663256203588,灰区_待探索
122,2,价格优惠敏感型,0.006604573716868029,0.986790852566264,高亲和C1_价格权益型
123,1,文化深度体验型,0.9878876224872307,0.9757752449744613,灰区_待探索
124,1,文化深度体验型,0.9936342715486101,0.9872685430972201,高亲和C2_文化深度型
125,1,文化深度体验型,0.9509924670165281,0.901984934033056,灰区_待探索
126,1,文化深度体验型,0.9281941320992425,0.856388264198485,灰区_待探索
127,1,文化深度体验型,0.9553097224479914,0.9106194448959828,灰区_待探索
128,1,文化深度体验型,0.9723843418883411,0.9447686837766821,灰区_待探索
129,2,价格优惠敏感型,0.27947566760334885,0.4410486647933023,高亲和C1_价格权益型
130,1,文化深度体验型,0.9630369451454186,0.9260738902908373,灰区_待探索
131,1,文化深度体验型,0.9927125472737564,0.9854250945475127,高亲和C2_文化深度型
132,1,文化深度体验型,0.987708463651859,0.9754169273037181,灰区_待探索
133,1,文化深度体验型,0.9923386955757101,0.9846773911514202,高亲和C2_文化深度型
134,1,文化深度体验型,0.977143003703907,0.954286007407814,灰区_待探索
135,1,文化深度体验型,0.9810004034724987,0.9620008069449975,灰区_待探索
136,1,文化深度体验型,0.9933676900123202,0.9867353800246403,高亲和C2_文化深度型
137,1,文化深度体验型,0.9935257870621745,0.9870515741243491,高亲和C2_文化深度型
138,1,文化深度体验型,0.9666372730236701,0.9332745460473402,灰区_待探索
139,1,文化深度体验型,0.988458038319875,0.97691607663975,灰区_待探索
140,1,文化深度体验型,0.9889022712899195,0.977804542579839,灰区_待探索
141,1,文化深度体验型,0.990165339003148,0.9803306780062959,灰区_待探索
142,1,文化深度体验型,0.9893820741253607,0.9787641482507216,灰区_待探索
143,1,文化深度体验型,0.9884806379268931,0.9769612758537862,灰区_待探索
144,1,文化深度体验型,0.9874745197332853,0.9749490394665704,灰区_待探索
145,1,文化深度体验型,0.9910131979123921,0.982026395824784,高亲和C2_文化深度型
146,1,文化深度体验型,0.98835986678025,0.9767197335605001,灰区_待探索
147,2,价格优惠敏感型,0.0025889074590101425,0.9948221850819797,高亲和C1_价格权益型
148,1,文化深度体验型,0.9406505528986672,0.8813011057973343,灰区_待探索
149,2,价格优惠敏感型,0.17393089636545264,0.6521382072690947,高亲和C1_价格权益型
150,2,价格优惠敏感型,0.009620693087770025,0.98075861382446,高亲和C1_价格权益型
151,1,文化深度体验型,0.8775636460385235,0.7551272920770471,高亲和C1_价格权益型
152,2,价格优惠敏感型,0.010182582244197259,0.9796348355116056,高亲和C1_价格权益型
153,1,文化深度体验型,0.6704970385835829,0.34099407716716573,高亲和C1_价格权益型
154,1,文化深度体验型,0.9951390811537802,0.9902781623075605,高亲和C2_文化深度型
155,2,价格优惠敏感型,0.003303242012027498,0.9933935159759449,高亲和C1_价格权益型
156,2,价格优惠敏感型,0.10776478765268872,0.7844704246946226,高亲和C1_价格权益型
157,2,价格优惠敏感型,0.008673289521595738,0.9826534209568085,高亲和C1_价格权益型
158,1,文化深度体验型,0.9923339367623712,0.9846678735247424,高亲和C2_文化深度型
159,1,文化深度体验型,0.9931132111367916,0.9862264222735833,高亲和C2_文化深度型
160,1,文化深度体验型,0.9868006501204467,0.9736013002408934,灰区_待探索
161,1,文化深度体验型,0.9869531897296169,0.9739063794592336,灰区_待探索
162,1,文化深度体验型,0.6431370289639163,0.28627405792783267,高亲和C1_价格权益型
163,1,文化深度体验型,0.9797302214275819,0.9594604428551639,灰区_待探索
164,1,文化深度体验型,0.9721758394819946,0.9443516789639891,灰区_待探索
165,1,文化深度体验型,0.9732796415609853,0.9465592831219707,灰区_待探索
166,2,价格优惠敏感型,0.05438072320627667,0.8912385535874467,高亲和C1_价格权益型
167,2,价格优惠敏感型,0.002501536056344466,0.994996927887311,高亲和C1_价格权益型
168,1,文化深度体验型,0.9965499531325083,0.9930999062650165,高亲和C2_文化深度型
169,2,价格优惠敏感型,0.25319099918462157,0.4936180016307569,高亲和C1_价格权益型
170,1,文化深度体验型,0.8030159012218706,0.6060318024437412,高亲和C1_价格权益型
171,1,文化深度体验型,0.9193544976731897,0.8387089953463793,灰区_待探索
172,1,文化深度体验型,0.9951342767636735,0.990268553527347,高亲和C2_文化深度型
173,1,文化深度体验型,0.9916960371924952,0.9833920743849904,高亲和C2_文化深度型
174,1,文化深度体验型,0.9872453515927082,0.9744907031854164,灰区_待探索
175,1,文化深度体验型,0.9875249602068604,0.9750499204137208,灰区_待探索
176,1,文化深度体验型,0.9931504960608116,0.9863009921216234,高亲和C2_文化深度型
177,1,文化深度体验型,0.9873408674322277,0.9746817348644553,灰区_待探索
178,2,价格优惠敏感型,0.002408627966625959,0.995182744066748,高亲和C1_价格权益型
179,1,文化深度体验型,0.9838566358768235,0.9677132717536471,灰区_待探索
180,1,文化深度体验型,0.9763984517507766,0.952796903501553,灰区_待探索
181,2,价格优惠敏感型,0.2898977809138636,0.4202044381722729,高亲和C1_价格权益型
182,1,文化深度体验型,0.986707075052453,0.9734141501049062,灰区_待探索
183,1,文化深度体验型,0.9838124379259446,0.9676248758518893,灰区_待探索
184,1,文化深度体验型,0.9884246427722319,0.9768492855444637,灰区_待探索
185,1,文化深度体验型,0.9221339363871566,0.844267872774313,灰区_待探索
186,1,文化深度体验型,0.9868942523502686,0.9737885047005372,灰区_待探索
187,1,文化深度体验型,0.9838062330960831,0.9676124661921661,灰区_待探索
188,1,文化深度体验型,0.9919482436172242,0.9838964872344484,高亲和C2_文化深度型
189,1,文化深度体验型,0.9910046597984262,0.9820093195968523,高亲和C2_文化深度型
190,1,文化深度体验型,0.9850071483113636,0.9700142966227272,灰区_待探索
191,1,文化深度体验型,0.9943017264754201,0.9886034529508404,高亲和C2_文化深度型
192,2,价格优惠敏感型,0.12982294800951918,0.7403541039809617,高亲和C1_价格权益型
193,1,文化深度体验型,0.9870982748675008,0.9741965497350016,灰区_待探索
194,1,文化深度体验型,0.7840721383593859,0.568144276718772,高亲和C1_价格权益型
195,1,文化深度体验型,0.9797755006218872,0.9595510012437745,灰区_待探索
196,1,文化深度体验型,0.9962663869012803,0.9925327738025607,高亲和C2_文化深度型
197,1,文化深度体验型,0.8120191408664963,0.6240382817329926,高亲和C1_价格权益型
198,1,文化深度体验型,0.9910378742429654,0.9820757484859307,高亲和C2_文化深度型
199,1,文化深度体验型,0.8487942997426837,0.6975885994853674,高亲和C1_价格权益型
200,2,价格优惠敏感型,0.0023899432909705426,0.9952201134180589,高亲和C1_价格权益型
201,1,文化深度体验型,0.9885393975790038,0.9770787951580074,灰区_待探索
202,1,文化深度体验型,0.9689896899782242,0.9379793799564485,灰区_待探索
203,1,文化深度体验型,0.9949929358925402,0.9899858717850806,高亲和C2_文化深度型
204,2,价格优惠敏感型,0.22301952843132752,0.553960943137345,高亲和C1_价格权益型
205,1,文化深度体验型,0.9944970347986204,0.9889940695972408,高亲和C2_文化深度型
206,1,文化深度体验型,0.9926627432689628,0.9853254865379255,高亲和C2_文化深度型
207,1,文化深度体验型,0.9905537255389325,0.981107451077865,高亲和C2_文化深度型
208,1,文化深度体验型,0.7744701111794344,0.5489402223588689,高亲和C1_价格权益型
209,2,价格优惠敏感型,0.034294532024860776,0.9314109359502785,高亲和C1_价格权益型
210,1,文化深度体验型,0.9871291809029196,0.9742583618058391,灰区_待探索
211,1,文化深度体验型,0.98848210131092,0.9769642026218399,灰区_待探索
212,1,文化深度体验型,0.9841303788641907,0.9682607577283815,灰区_待探索
213,2,价格优惠敏感型,0.002367458445556639,0.9952650831088867,高亲和C1_价格权益型
214,1,文化深度体验型,0.9582896242428312,0.9165792484856624,灰区_待探索
215,1,文化深度体验型,0.9842917114597061,0.9685834229194121,灰区_待探索
216,1,文化深度体验型,0.9783025859007,0.9566051718013999,灰区_待探索
217,1,文化深度体验型,0.993655261953532,0.9873105239070641,高亲和C2_文化深度型
218,1,文化深度体验型,0.9726335590980584,0.9452671181961169,灰区_待探索
219,1,文化深度体验型,0.982354978105073,0.9647099562101459,灰区_待探索
220,1,文化深度体验型,0.9967945135410654,0.9935890270821308,高亲和C2_文化深度型
221,1,文化深度体验型,0.9942478429784863,0.9884956859569727,高亲和C2_文化深度型
222,1,文化深度体验型,0.9899028112138762,0.9798056224277525,灰区_待探索
223,1,文化深度体验型,0.9933056643834071,0.9866113287668141,高亲和C2_文化深度型
224,1,文化深度体验型,0.987556955379421,0.975113910758842,灰区_待探索
225,2,价格优惠敏感型,0.45650708256593653,0.08698583486812705,高亲和C1_价格权益型
226,2,价格优惠敏感型,0.003446055279414989,0.99310788944117,高亲和C1_价格权益型
227,1,文化深度体验型,0.9914544439803004,0.9829088879606007,高亲和C2_文化深度型
228,1,文化深度体验型,0.9790084134141238,0.9580168268282477,灰区_待探索
229,1,文化深度体验型,0.9926079775832205,0.9852159551664409,高亲和C2_文化深度型
230,1,文化深度体验型,0.9912058468230416,0.9824116936460832,高亲和C2_文化深度型
231,2,价格优惠敏感型,0.0076195542792625755,0.9847608914414748,高亲和C1_价格权益型
232,1,文化深度体验型,0.9901751839104789,0.9803503678209577,灰区_待探索
233,1,文化深度体验型,0.990625616018471,0.981251232036942,高亲和C2_文化深度型
234,1,文化深度体验型,0.9918603488300092,0.9837206976600184,高亲和C2_文化深度型
235,1,文化深度体验型,0.8630224201057314,0.7260448402114626,高亲和C1_价格权益型
236,2,价格优惠敏感型,0.23621376779646197,0.5275724644070761,高亲和C1_价格权益型
237,1,文化深度体验型,0.9580546553179922,0.9161093106359844,灰区_待探索
238,1,文化深度体验型,0.9933501288678525,0.9867002577357049,高亲和C2_文化深度型
239,1,文化深度体验型,0.9856342905837412,0.9712685811674823,灰区_待探索
240,1,文化深度体验型,0.9878640931631976,0.9757281863263951,灰区_待探索
241,1,文化深度体验型,0.995485129180971,0.9909702583619419,高亲和C2_文化深度型
242,1,文化深度体验型,0.9618097198806592,0.9236194397613184,灰区_待探索
243,2,价格优惠敏感型,0.035964712798757945,0.9280705744024841,高亲和C1_价格权益型
244,1,文化深度体验型,0.992378040664297,0.9847560813285939,高亲和C2_文化深度型
245,1,文化深度体验型,0.9912708943727404,0.9825417887454808,高亲和C2_文化深度型
246,1,文化深度体验型,0.9946852126274018,0.9893704252548037,高亲和C2_文化深度型
247,1,文化深度体验型,0.5222718311208192,0.044543662241638415,高亲和C1_价格权益型
248,1,文化深度体验型,0.9953340895387432,0.9906681790774866,高亲和C2_文化深度型
249,2,价格优惠敏感型,0.014707450896383218,0.9705850982072336,高亲和C1_价格权益型
250,1,文化深度体验型,0.9511241435158384,0.9022482870316769,灰区_待探索
251,2,价格优惠敏感型,0.0018258336897381499,0.9963483326205237,高亲和C1_价格权益型
252,1,文化深度体验型,0.9966649127919044,0.9933298255838088,高亲和C2_文化深度型
253,2,价格优惠敏感型,0.028172941004264127,0.9436541179914718,高亲和C1_价格权益型
254,1,文化深度体验型,0.994092126041055,0.9881842520821101,高亲和C2_文化深度型
255,1,文化深度体验型,0.5438425109720124,0.08768502194402489,高亲和C1_价格权益型
256,1,文化深度体验型,0.9568166856748155,0.9136333713496309,灰区_待探索
257,1,文化深度体验型,0.981522560164462,0.9630451203289241,灰区_待探索
258,1,文化深度体验型,0.7641627927574223,0.5283255855148445,高亲和C1_价格权益型
259,1,文化深度体验型,0.9899223379814945,0.9798446759629892,灰区_待探索
260,2,价格优惠敏感型,0.0024906385375880994,0.9950187229248239,高亲和C1_价格权益型
261,1,文化深度体验型,0.9917439332598817,0.9834878665197635,高亲和C2_文化深度型
262,1,文化深度体验型,0.9853420685538261,0.9706841371076522,灰区_待探索
263,1,文化深度体验型,0.9527001421488382,0.9054002842976765,灰区_待探索
264,2,价格优惠敏感型,0.011319432224697352,0.9773611355506052,高亲和C1_价格权益型
265,1,文化深度体验型,0.9595994881409108,0.9191989762818216,灰区_待探索
266,1,文化深度体验型,0.996004555874742,0.9920091117494839,高亲和C2_文化深度型
267,2,价格优惠敏感型,0.14363065393594743,0.7127386921281053,高亲和C1_价格权益型
268,2,价格优惠敏感型,0.044464601953951376,0.9110707960920972,高亲和C1_价格权益型
269,1,文化深度体验型,0.9929532188209242,0.9859064376418486,高亲和C2_文化深度型
270,1,文化深度体验型,0.9948233460348992,0.9896466920697984,高亲和C2_文化深度型
271,2,价格优惠敏感型,0.0073618319886441805,0.9852763360227116,高亲和C1_价格权益型
272,2,价格优惠敏感型,0.05622240534663641,0.8875551893067273,高亲和C1_价格权益型
273,2,价格优惠敏感型,0.05244247513179352,0.895115049736413,高亲和C1_价格权益型
274,1,文化深度体验型,0.9867214453149572,0.9734428906299144,灰区_待探索
275,1,文化深度体验型,0.993541190786386,0.9870823815727721,高亲和C2_文化深度型
276,1,文化深度体验型,0.9946330542165103,0.9892661084330204,高亲和C2_文化深度型
277,1,文化深度体验型,0.9892699345206738,0.9785398690413475,灰区_待探索
278,1,文化深度体验型,0.9908507268778434,0.9817014537556867,高亲和C2_文化深度型
279,1,文化深度体验型,0.9938338495614945,0.9876676991229889,高亲和C2_文化深度型
280,1,文化深度体验型,0.7596293516226474,0.5192587032452949,高亲和C1_价格权益型
281,1,文化深度体验型,0.8038477045990507,0.6076954091981015,高亲和C1_价格权益型
282,2,价格优惠敏感型,0.4779552858474557,0.04408942830508855,高亲和C1_价格权益型
283,1,文化深度体验型,0.9959438887522962,0.9918877775045924,高亲和C2_文化深度型
284,1,文化深度体验型,0.9844650353985048,0.9689300707970095,灰区_待探索
285,1,文化深度体验型,0.9272711336758931,0.8545422673517862,灰区_待探索
286,1,文化深度体验型,0.9924284519091721,0.9848569038183441,高亲和C2_文化深度型
287,1,文化深度体验型,0.9313522081878247,0.8627044163756494,灰区_待探索
288,1,文化深度体验型,0.9864550105871446,0.9729100211742892,灰区_待探索
289,1,文化深度体验型,0.9811868649754244,0.9623737299508488,灰区_待探索
290,2,价格优惠敏感型,0.010577274780080784,0.9788454504398385,高亲和C1_价格权益型
291,1,文化深度体验型,0.9965038597179724,0.9930077194359448,高亲和C2_文化深度型
292,1,文化深度体验型,0.8755025450748812,0.7510050901497625,高亲和C1_价格权益型
293,1,文化深度体验型,0.974090492357902,0.948180984715804,灰区_待探索
294,1,文化深度体验型,0.9804877980036153,0.9609755960072306,灰区_待探索
295,1,文化深度体验型,0.754831469660738,0.5096629393214759,高亲和C1_价格权益型
296,1,文化深度体验型,0.9945528332153889,0.9891056664307778,高亲和C2_文化深度型
297,1,文化深度体验型,0.997292661295443,0.9945853225908861,高亲和C2_文化深度型
298,1,文化深度体验型,0.9942158506582404,0.9884317013164806,高亲和C2_文化深度型
299,1,文化深度体验型,0.8117448474906654,0.6234896949813309,高亲和C1_价格权益型
300,1,文化深度体验型,0.8548461690699444,0.7096923381398887,高亲和C1_价格权益型
301,1,文化深度体验型,0.9922736396135432,0.9845472792270863,高亲和C2_文化深度型
302,1,文化深度体验型,0.9317253950021477,0.8634507900042953,灰区_待探索
303,1,文化深度体验型,0.9682418597290872,0.9364837194581743,灰区_待探索
304,1,文化深度体验型,0.9925917508437875,0.985183501687575,高亲和C2_文化深度型
305,1,文化深度体验型,0.9739831169400314,0.9479662338800627,灰区_待探索
306,1,文化深度体验型,0.9934335710565769,0.9868671421131539,高亲和C2_文化深度型
307,1,文化深度体验型,0.9820563325504778,0.9641126651009555,灰区_待探索
308,1,文化深度体验型,0.988614475845963,0.9772289516919259,灰区_待探索
309,1,文化深度体验型,0.9891186238419053,0.9782372476838106,灰区_待探索
310,2,价格优惠敏感型,0.018608154690470745,0.9627836906190584,高亲和C1_价格权益型
311,1,文化深度体验型,0.9513562398385366,0.9027124796770731,灰区_待探索
312,1,文化深度体验型,0.9962240663661913,0.9924481327323826,高亲和C2_文化深度型
313,1,文化深度体验型,0.9939257793020235,0.9878515586040469,高亲和C2_文化深度型
314,1,文化深度体验型,0.9711125340986735,0.9422250681973471,灰区_待探索
315,1,文化深度体验型,0.9972144172046246,0.9944288344092491,高亲和C2_文化深度型
316,1,文化深度体验型,0.9918666658495641,0.9837333316991281,高亲和C2_文化深度型
317,1,文化深度体验型,0.993336976266204,0.986673952532408,高亲和C2_文化深度型
318,1,文化深度体验型,0.961183511641689,0.9223670232833779,灰区_待探索
319,1,文化深度体验型,0.9869810320600709,0.9739620641201419,灰区_待探索
320,2,价格优惠敏感型,0.39981420716084043,0.2003715856783191,高亲和C1_价格权益型
321,1,文化深度体验型,0.9948257135569155,0.9896514271138309,高亲和C2_文化深度型
322,1,文化深度体验型,0.9753131034281146,0.9506262068562291,灰区_待探索
323,1,文化深度体验型,0.992872331311352,0.985744662622704,高亲和C2_文化深度型
324,1,文化深度体验型,0.9922055723581652,0.9844111447163304,高亲和C2_文化深度型
325,1,文化深度体验型,0.7477451230937887,0.4954902461875774,高亲和C1_价格权益型
326,2,价格优惠敏感型,0.062447185674035226,0.8751056286519295,高亲和C1_价格权益型
327,2,价格优惠敏感型,0.01882496867087335,0.9623500626582533,高亲和C1_价格权益型
328,1,文化深度体验型,0.9805284995084735,0.9610569990169471,灰区_待探索
329,2,价格优惠敏感型,0.0031939474130837802,0.9936121051738325,高亲和C1_价格权益型
330,1,文化深度体验型,0.9906068648408397,0.9812137296816794,高亲和C2_文化深度型
331,1,文化深度体验型,0.9983336987483057,0.9966673974966114,高亲和C2_文化深度型
332,2,价格优惠敏感型,0.009107053649766134,0.9817858927004678,高亲和C1_价格权益型
333,2,价格优惠敏感型,0.01493398484041155,0.9701320303191769,高亲和C1_价格权益型
334,1,文化深度体验型,0.7458348242797368,0.4916696485594737,高亲和C1_价格权益型
335,1,文化深度体验型,0.5509527458982647,0.10190549179652947,高亲和C1_价格权益型
336,2,价格优惠敏感型,0.4343696542792572,0.13126069144148556,高亲和C1_价格权益型
337,1,文化深度体验型,0.9950227005220773,0.9900454010441545,高亲和C2_文化深度型
338,1,文化深度体验型,0.990037285087069,0.980074570174138,灰区_待探索
339,1,文化深度体验型,0.9889935087648862,0.9779870175297724,灰区_待探索
340,1,文化深度体验型,0.9209086682284316,0.8418173364568632,灰区_待探索
341,1,文化深度体验型,0.9925998462333215,0.9851996924666431,高亲和C2_文化深度型
342,1,文化深度体验型,0.955063905778862,0.910127811557724,灰区_待探索
343,1,文化深度体验型,0.8075943969317614,0.6151887938635228,高亲和C1_价格权益型
344,1,文化深度体验型,0.9922110974544212,0.9844221949088424,高亲和C2_文化深度型
345,1,文化深度体验型,0.7161520863765927,0.43230417275318533,高亲和C1_价格权益型
346,1,文化深度体验型,0.9919723941507772,0.9839447883015544,高亲和C2_文化深度型
347,1,文化深度体验型,0.9850107968997047,0.9700215937994094,灰区_待探索
348,1,文化深度体验型,0.7586214690684062,0.5172429381368124,高亲和C1_价格权益型
349,1,文化深度体验型,0.5236296394241242,0.04725927884824832,高亲和C1_价格权益型
350,1,文化深度体验型,0.9878550658385703,0.9757101316771407,灰区_待探索
351,1,文化深度体验型,0.9925261349262477,0.9850522698524955,高亲和C2_文化深度型
352,1,文化深度体验型,0.9887416767999255,0.977483353599851,灰区_待探索
353,1,文化深度体验型,0.9924103973048786,0.9848207946097571,高亲和C2_文化深度型
354,1,文化深度体验型,0.9764603554306481,0.9529207108612964,灰区_待探索
355,1,文化深度体验型,0.9920671056610607,0.9841342113221213,高亲和C2_文化深度型
356,1,文化深度体验型,0.9891805501785002,0.9783611003570003,灰区_待探索
357,2,价格优惠敏感型,0.3378931669039021,0.3242136661921959,高亲和C1_价格权益型
358,1,文化深度体验型,0.9919137390306808,0.9838274780613616,高亲和C2_文化深度型
359,1,文化深度体验型,0.967882267317814,0.935764534635628,灰区_待探索
360,2,价格优惠敏感型,0.011447083395977142,0.9771058332080458,高亲和C1_价格权益型
361,1,文化深度体验型,0.9859871812267436,0.9719743624534871,灰区_待探索
362,1,文化深度体验型,0.9864350286081311,0.9728700572162622,灰区_待探索
363,1,文化深度体验型,0.9821933516320749,0.9643867032641498,灰区_待探索
364,1,文化深度体验型,0.9906161860346118,0.9812323720692236,高亲和C2_文化深度型
365,1,文化深度体验型,0.9927586675901305,0.9855173351802611,高亲和C2_文化深度型
366,1,文化深度体验型,0.991759502705099,0.9835190054101981,高亲和C2_文化深度型
367,1,文化深度体验型,0.9748816103458386,0.9497632206916773,灰区_待探索
368,1,文化深度体验型,0.9976857533495945,0.9953715066991892,高亲和C2_文化深度型
369,1,文化深度体验型,0.9874628080521574,0.9749256161043147,灰区_待探索
370,2,价格优惠敏感型,0.14750070887789032,0.7049985822442193,高亲和C1_价格权益型
371,2,价格优惠敏感型,0.004861078221291978,0.990277843557416,高亲和C1_价格权益型
372,1,文化深度体验型,0.986797707698477,0.9735954153969539,灰区_待探索
373,1,文化深度体验型,0.9885663348011672,0.9771326696023344,灰区_待探索
374,1,文化深度体验型,0.9633361766126325,0.9266723532252649,灰区_待探索
375,1,文化深度体验型,0.9235728398779275,0.847145679755855,灰区_待探索
376,1,文化深度体验型,0.9959898310350721,0.9919796620701441,高亲和C2_文化深度型
377,2,价格优惠敏感型,0.2809720330207183,0.4380559339585633,高亲和C1_价格权益型
378,1,文化深度体验型,0.9882106389750508,0.9764212779501016,灰区_待探索
379,1,文化深度体验型,0.9943850939927547,0.9887701879855093,高亲和C2_文化深度型
380,1,文化深度体验型,0.9624775777011926,0.9249551554023852,灰区_待探索
381,2,价格优惠敏感型,0.0016329267964097622,0.9967341464071804,高亲和C1_价格权益型
382,1,文化深度体验型,0.9845242643822943,0.9690485287645888,灰区_待探索
383,1,文化深度体验型,0.9918459230326253,0.9836918460652506,高亲和C2_文化深度型
384,1,文化深度体验型,0.9952846392859508,0.9905692785719016,高亲和C2_文化深度型
385,1,文化深度体验型,0.9271796616722869,0.8543593233445739,灰区_待探索
386,1,文化深度体验型,0.6622339558857764,0.32446791177155276,高亲和C1_价格权益型
387,1,文化深度体验型,0.8220626899873855,0.644125379974771,高亲和C1_价格权益型
388,1,文化深度体验型,0.9942521112119866,0.9885042224239733,高亲和C2_文化深度型
389,1,文化深度体验型,0.9861332861368506,0.9722665722737012,灰区_待探索
390,1,文化深度体验型,0.9971419503224693,0.9942839006449385,高亲和C2_文化深度型
391,1,文化深度体验型,0.9838455823583788,0.9676911647167576,灰区_待探索
392,1,文化深度体验型,0.9924449632077053,0.9848899264154104,高亲和C2_文化深度型
393,2,价格优惠敏感型,0.029907748726198922,0.940184502547602,高亲和C1_价格权益型
394,2,价格优惠敏感型,0.0015355118290612286,0.9969289763418776,高亲和C1_价格权益型
395,2,价格优惠敏感型,0.02057121145311583,0.9588575770937683,高亲和C1_价格权益型
396,1,文化深度体验型,0.9914759148954233,0.9829518297908466,高亲和C2_文化深度型
397,2,价格优惠敏感型,0.08840391797651424,0.8231921640469715,高亲和C1_价格权益型
398,1,文化深度体验型,0.9874592083452878,0.9749184166905757,灰区_待探索
399,1,文化深度体验型,0.9911498373957196,0.9822996747914393,高亲和C2_文化深度型
400,1,文化深度体验型,0.9914299175041509,0.9828598350083018,高亲和C2_文化深度型
401,1,文化深度体验型,0.9947786976824282,0.9895573953648563,高亲和C2_文化深度型
402,2,价格优惠敏感型,0.016458082122170512,0.9670838357556589,高亲和C1_价格权益型
403,1,文化深度体验型,0.9936783012352278,0.9873566024704558,高亲和C2_文化深度型
404,1,文化深度体验型,0.9902344232047843,0.9804688464095684,灰区_待探索
405,1,文化深度体验型,0.9861553760798002,0.9723107521596004,灰区_待探索
406,1,文化深度体验型,0.9903072735847988,0.9806145471695974,灰区_待探索
407,1,文化深度体验型,0.9857060588053278,0.9714121176106557,灰区_待探索
408,1,文化深度体验型,0.9798695594648706,0.9597391189297412,灰区_待探索
409,1,文化深度体验型,0.9886095680648863,0.9772191361297725,灰区_待探索
410,2,价格优惠敏感型,0.4198726075600103,0.16025478487997935,高亲和C1_价格权益型
411,1,文化深度体验型,0.9825652377331687,0.9651304754663375,灰区_待探索
412,1,文化深度体验型,0.9902391781593588,0.9804783563187176,灰区_待探索
413,1,文化深度体验型,0.9030490024561462,0.8060980049122924,高亲和C1_价格权益型
414,1,文化深度体验型,0.9956226010838588,0.9912452021677175,高亲和C2_文化深度型
415,1,文化深度体验型,0.9769586747911723,0.9539173495823445,灰区_待探索
416,2,价格优惠敏感型,0.12089572355408842,0.7582085528918232,高亲和C1_价格权益型
417,1,文化深度体验型,0.9948985329782243,0.9897970659564486,高亲和C2_文化深度型
418,1,文化深度体验型,0.9964614565794881,0.9929229131589763,高亲和C2_文化深度型
419,1,文化深度体验型,0.9888050709438859,0.977610141887772,灰区_待探索
420,2,价格优惠敏感型,0.2768248560647622,0.44635028787047554,高亲和C1_价格权益型
421,1,文化深度体验型,0.9970584278805922,0.9941168557611844,高亲和C2_文化深度型
422,2,价格优惠敏感型,0.3059643438625277,0.3880713122749446,高亲和C1_价格权益型
423,1,文化深度体验型,0.9688398199789923,0.9376796399579845,灰区_待探索
424,1,文化深度体验型,0.9917400292157196,0.983480058431439,高亲和C2_文化深度型
425,1,文化深度体验型,0.9761877421597397,0.9523754843194795,灰区_待探索
426,1,文化深度体验型,0.9800889201103676,0.9601778402207353,灰区_待探索
427,2,价格优惠敏感型,0.002289796385869529,0.995420407228261,高亲和C1_价格权益型
428,1,文化深度体验型,0.9670807391473615,0.9341614782947231,灰区_待探索
429,1,文化深度体验型,0.9928132132526086,0.9856264265052173,高亲和C2_文化深度型
430,1,文化深度体验型,0.9911943964864997,0.9823887929729993,高亲和C2_文化深度型
431,2,价格优惠敏感型,0.004396879147858488,0.9912062417042831,高亲和C1_价格权益型
432,1,文化深度体验型,0.713256602806688,0.42651320561337597,高亲和C1_价格权益型
433,2,价格优惠敏感型,0.0030316251232512365,0.9939367497534976,高亲和C1_价格权益型
434,1,文化深度体验型,0.988172031015814,0.9763440620316279,灰区_待探索
435,1,文化深度体验型,0.5985811685627925,0.19716233712558512,高亲和C1_价格权益型
436,1,文化深度体验型,0.9886238324400565,0.9772476648801129,灰区_待探索
437,2,价格优惠敏感型,0.03756848852508416,0.9248630229498316,高亲和C1_价格权益型
438,2,价格优惠敏感型,0.12891413519911005,0.7421717296017798,高亲和C1_价格权益型
439,1,文化深度体验型,0.8314355077522462,0.6628710155044923,高亲和C1_价格权益型
440,2,价格优惠敏感型,0.04625676479531584,0.9074864704093684,高亲和C1_价格权益型
441,2,价格优惠敏感型,0.049046977819549954,0.9019060443609,高亲和C1_价格权益型
442,1,文化深度体验型,0.9618703389031297,0.9237406778062592,灰区_待探索
443,2,价格优惠敏感型,0.0016556841779941265,0.9966886316440119,高亲和C1_价格权益型
444,2,价格优惠敏感型,0.0016710683976403436,0.9966578632047194,高亲和C1_价格权益型
445,1,文化深度体验型,0.9926596968430355,0.9853193936860709,高亲和C2_文化深度型
446,1,文化深度体验型,0.942359029619755,0.8847180592395101,灰区_待探索
447,2,价格优惠敏感型,0.36165910140625074,0.27668179718749847,高亲和C1_价格权益型
448,1,文化深度体验型,0.9948389311272474,0.9896778622544949,高亲和C2_文化深度型
449,1,文化深度体验型,0.9885329485938811,0.977065897187762,灰区_待探索
450,2,价格优惠敏感型,0.09070166005126858,0.8185966798974629,高亲和C1_价格权益型
451,1,文化深度体验型,0.9861957376510792,0.9723914753021583,灰区_待探索
452,2,价格优惠敏感型,0.00978520349450319,0.9804295930109935,高亲和C1_价格权益型
453,1,文化深度体验型,0.9881354594302831,0.9762709188605663,灰区_待探索
454,1,文化深度体验型,0.9980300005892226,0.9960600011784453,高亲和C2_文化深度型
455,1,文化深度体验型,0.9784447966815801,0.9568895933631603,灰区_待探索
456,1,文化深度体验型,0.908411322105542,0.8168226442110841,高亲和C1_价格权益型
457,2,价格优惠敏感型,0.189085147145374,0.6218297057092519,高亲和C1_价格权益型
458,1,文化深度体验型,0.9854205690967741,0.9708411381935481,灰区_待探索
459,1,文化深度体验型,0.9865359256256485,0.973071851251297,灰区_待探索
460,2,价格优惠敏感型,0.009474142935657907,0.9810517141286841,高亲和C1_价格权益型
461,1,文化深度体验型,0.9785850445319018,0.9571700890638035,灰区_待探索
462,1,文化深度体验型,0.9893047918981471,0.9786095837962943,灰区_待探索
463,1,文化深度体验型,0.9966094871880182,0.9932189743760363,高亲和C2_文化深度型
464,1,文化深度体验型,0.9873859263067681,0.9747718526135363,灰区_待探索
465,1,文化深度体验型,0.9930470079225574,0.9860940158451148,高亲和C2_文化深度型
466,1,文化深度体验型,0.8039627766246904,0.6079255532493808,高亲和C1_价格权益型
467,1,文化深度体验型,0.9979771768133775,0.995954353626755,高亲和C2_文化深度型
468,2,价格优惠敏感型,0.002008420851738115,0.9959831582965237,高亲和C1_价格权益型
469,1,文化深度体验型,0.8819149213107638,0.7638298426215275,高亲和C1_价格权益型
470,2,价格优惠敏感型,0.0019821527852855463,0.996035694429429,高亲和C1_价格权益型
471,1,文化深度体验型,0.900056815557801,0.800113631115602,高亲和C1_价格权益型
472,1,文化深度体验型,0.9939203552273091,0.9878407104546182,高亲和C2_文化深度型
473,1,文化深度体验型,0.9857246488542811,0.9714492977085623,灰区_待探索
474,1,文化深度体验型,0.9774153919175335,0.9548307838350668,灰区_待探索
475,1,文化深度体验型,0.9951139897195737,0.9902279794391473,高亲和C2_文化深度型
476,2,价格优惠敏感型,0.002949763768762166,0.9941004724624756,高亲和C1_价格权益型
477,1,文化深度体验型,0.9957217593644172,0.9914435187288344,高亲和C2_文化深度型
478,1,文化深度体验型,0.9863586900283987,0.9727173800567974,灰区_待探索
479,1,文化深度体验型,0.9923558136516851,0.9847116273033704,高亲和C2_文化深度型
480,2,价格优惠敏感型,0.011206224347614023,0.977587551304772,高亲和C1_价格权益型
481,1,文化深度体验型,0.9977229894451161,0.9954459788902321,高亲和C2_文化深度型
482,2,价格优惠敏感型,0.25544429479156255,0.48911141041687484,高亲和C1_价格权益型
483,1,文化深度体验型,0.9783510299334129,0.9567020598668259,灰区_待探索
484,1,文化深度体验型,0.9866341303231435,0.973268260646287,灰区_待探索
485,1,文化深度体验型,0.9947949997159125,0.9895899994318249,高亲和C2_文化深度型
486,1,文化深度体验型,0.9965935918266255,0.9931871836532511,高亲和C2_文化深度型
487,1,文化深度体验型,0.9936729136711908,0.9873458273423815,高亲和C2_文化深度型
488,1,文化深度体验型,0.9908959924853821,0.981791984970764,高亲和C2_文化深度型
489,1,文化深度体验型,0.9877993699932658,0.9755987399865317,灰区_待探索
490,1,文化深度体验型,0.989796318153186,0.979592636306372,灰区_待探索
491,2,价格优惠敏感型,0.4494136855216997,0.10117262895660051,高亲和C1_价格权益型
492,1,文化深度体验型,0.9940722453281979,0.988144490656396,高亲和C2_文化深度型
493,1,文化深度体验型,0.9877491078618125,0.9754982157236248,灰区_待探索
494,1,文化深度体验型,0.9411814727733935,0.882362945546787,灰区_待探索
495,1,文化深度体验型,0.983978673227858,0.9679573464557161,灰区_待探索
496,2,价格优惠敏感型,0.3251182586393346,0.3497634827213309,高亲和C1_价格权益型
497,1,文化深度体验型,0.8911607014033183,0.7823214028066366,高亲和C1_价格权益型
498,1,文化深度体验型,0.9787776777850657,0.9575553555701315,灰区_待探索
499,1,文化深度体验型,0.9836208351425149,0.9672416702850296,灰区_待探索
500,1,文化深度体验型,0.9938278982415797,0.9876557964831594,高亲和C2_文化深度型
501,1,文化深度体验型,0.9802323701873394,0.9604647403746789,灰区_待探索
502,1,文化深度体验型,0.9835669880155427,0.9671339760310853,灰区_待探索
503,1,文化深度体验型,0.9935720992857352,0.9871441985714704,高亲和C2_文化深度型
504,1,文化深度体验型,0.9826166901842394,0.9652333803684787,灰区_待探索
505,1,文化深度体验型,0.9817871982595939,0.9635743965191879,灰区_待探索
506,1,文化深度体验型,0.91439923831219,0.8287984766243801,高亲和C1_价格权益型
507,1,文化深度体验型,0.9905298160447125,0.9810596320894249,灰区_待探索
508,2,价格优惠敏感型,0.005556866967600386,0.9888862660647993,高亲和C1_价格权益型
509,1,文化深度体验型,0.9290108404432549,0.8580216808865098,灰区_待探索
510,1,文化深度体验型,0.9948766116139961,0.9897532232279922,高亲和C2_文化深度型
511,1,文化深度体验型,0.9963799582460453,0.9927599164920906,高亲和C2_文化深度型
512,2,价格优惠敏感型,0.00218140116544352,0.995637197669113,高亲和C1_价格权益型
513,2,价格优惠敏感型,0.00951522730068936,0.9809695453986214,高亲和C1_价格权益型
514,1,文化深度体验型,0.9885821110035101,0.9771642220070202,灰区_待探索
515,1,文化深度体验型,0.9838153704390113,0.9676307408780226,灰区_待探索
516,1,文化深度体验型,0.9834451980704332,0.9668903961408664,灰区_待探索
517,1,文化深度体验型,0.9872340457958051,0.9744680915916101,灰区_待探索
518,1,文化深度体验型,0.9641873888838709,0.9283747777677419,灰区_待探索
519,1,文化深度体验型,0.9318891159817402,0.8637782319634804,灰区_待探索
520,2,价格优惠敏感型,0.3161780073010117,0.36764398539797666,高亲和C1_价格权益型
521,1,文化深度体验型,0.9724764931780916,0.9449529863561832,灰区_待探索
522,1,文化深度体验型,0.9913294914276926,0.9826589828553851,高亲和C2_文化深度型
523,1,文化深度体验型,0.9961258829490645,0.9922517658981289,高亲和C2_文化深度型
524,1,文化深度体验型,0.9956945339293907,0.9913890678587813,高亲和C2_文化深度型
525,2,价格优惠敏感型,0.27600168126505276,0.4479966374698944,高亲和C1_价格权益型
526,2,价格优惠敏感型,0.1215903340553238,0.7568193318893525,高亲和C1_价格权益型
527,2,价格优惠敏感型,0.25612770255076145,0.4877445948984772,高亲和C1_价格权益型
528,1,文化深度体验型,0.990556123355528,0.9811122467110559,高亲和C2_文化深度型
529,1,文化深度体验型,0.9557811892265227,0.9115623784530453,灰区_待探索
530,2,价格优惠敏感型,0.005878943762258774,0.9882421124754825,高亲和C1_价格权益型
531,1,文化深度体验型,0.6894928120486579,0.3789856240973158,高亲和C1_价格权益型
532,1,文化深度体验型,0.9913961032714472,0.9827922065428946,高亲和C2_文化深度型
533,1,文化深度体验型,0.9952706531879888,0.9905413063759775,高亲和C2_文化深度型
534,1,文化深度体验型,0.9863542632267149,0.97270852645343,灰区_待探索
535,1,文化深度体验型,0.9924923163053556,0.9849846326107112,高亲和C2_文化深度型
536,1,文化深度体验型,0.9951008123648384,0.9902016247296768,高亲和C2_文化深度型
537,1,文化深度体验型,0.9857341307018141,0.9714682614036283,灰区_待探索
538,2,价格优惠敏感型,0.0017220816998210152,0.9965558366003581,高亲和C1_价格权益型
539,1,文化深度体验型,0.9954774592742878,0.9909549185485756,高亲和C2_文化深度型
540,1,文化深度体验型,0.9968507894616007,0.9937015789232013,高亲和C2_文化深度型
541,1,文化深度体验型,0.8597084272623415,0.7194168545246831,高亲和C1_价格权益型
542,1,文化深度体验型,0.9974375812227056,0.9948751624454114,高亲和C2_文化深度型
543,1,文化深度体验型,0.9946263222376245,0.9892526444752489,高亲和C2_文化深度型
544,1,文化深度体验型,0.9847203483655604,0.9694406967311209,灰区_待探索
545,1,文化深度体验型,0.9055572959908833,0.8111145919817666,高亲和C1_价格权益型
546,2,价格优惠敏感型,0.41629724912694344,0.16740550174611302,高亲和C1_价格权益型
547,1,文化深度体验型,0.9756122463248711,0.9512244926497422,灰区_待探索
548,1,文化深度体验型,0.9924195778207362,0.9848391556414724,高亲和C2_文化深度型
549,1,文化深度体验型,0.9929951204178027,0.9859902408356053,高亲和C2_文化深度型
550,1,文化深度体验型,0.9947698530484951,0.9895397060969902,高亲和C2_文化深度型
551,2,价格优惠敏感型,0.04347869926634448,0.913042601467311,高亲和C1_价格权益型
552,2,价格优惠敏感型,0.0079960919983948,0.9840078160032104,高亲和C1_价格权益型
553,2,价格优惠敏感型,0.0029581076656432716,0.9940837846687134,高亲和C1_价格权益型
554,1,文化深度体验型,0.9921264876651165,0.9842529753302328,高亲和C2_文化深度型
555,2,价格优惠敏感型,0.36133488554493626,0.27733022891012743,高亲和C1_价格权益型
556,1,文化深度体验型,0.9904816823946704,0.9809633647893408,灰区_待探索
557,1,文化深度体验型,0.9856964625807823,0.9713929251615645,灰区_待探索
558,1,文化深度体验型,0.9878725439818975,0.9757450879637951,灰区_待探索
559,1,文化深度体验型,0.9945254305080987,0.9890508610161974,高亲和C2_文化深度型
560,1,文化深度体验型,0.9772612529462267,0.9545225058924535,灰区_待探索
561,1,文化深度体验型,0.9769172758539519,0.9538345517079038,灰区_待探索
562,1,文化深度体验型,0.9925619693882846,0.9851239387765692,高亲和C2_文化深度型
563,1,文化深度体验型,0.9921274121737459,0.9842548243474918,高亲和C2_文化深度型
564,1,文化深度体验型,0.981142514205016,0.9622850284100319,灰区_待探索
565,1,文化深度体验型,0.8381060850780022,0.6762121701560043,高亲和C1_价格权益型
566,1,文化深度体验型,0.9906417139277107,0.9812834278554214,高亲和C2_文化深度型
567,2,价格优惠敏感型,0.015899516165076975,0.968200967669846,高亲和C1_价格权益型
568,1,文化深度体验型,0.9913996542910752,0.9827993085821505,高亲和C2_文化深度型
569,1,文化深度体验型,0.9822399686246678,0.9644799372493356,灰区_待探索
570,1,文化深度体验型,0.9948300546972699,0.9896601093945397,高亲和C2_文化深度型
571,1,文化深度体验型,0.9913043379471497,0.9826086758942993,高亲和C2_文化深度型
572,2,价格优惠敏感型,0.25186594360945214,0.4962681127810957,高亲和C1_价格权益型
573,1,文化深度体验型,0.9973079850432541,0.9946159700865081,高亲和C2_文化深度型
574,1,文化深度体验型,0.9609799369426139,0.9219598738852277,灰区_待探索
575,1,文化深度体验型,0.8124661788104751,0.6249323576209502,高亲和C1_价格权益型
576,1,文化深度体验型,0.9956446180945439,0.9912892361890877,高亲和C2_文化深度型
577,1,文化深度体验型,0.9952782911115319,0.9905565822230638,高亲和C2_文化深度型
578,1,文化深度体验型,0.994043784160306,0.9880875683206121,高亲和C2_文化深度型
579,1,文化深度体验型,0.9934630300876313,0.9869260601752624,高亲和C2_文化深度型
580,1,文化深度体验型,0.9843036522846847,0.9686073045693695,灰区_待探索
581,1,文化深度体验型,0.9818734255764173,0.9637468511528348,灰区_待探索
582,1,文化深度体验型,0.9953537413051721,0.9907074826103441,高亲和C2_文化深度型
583,2,价格优惠敏感型,0.1444807565780968,0.7110384868438064,高亲和C1_价格权益型
584,1,文化深度体验型,0.9915922156536638,0.9831844313073278,高亲和C2_文化深度型
585,1,文化深度体验型,0.9894112495561971,0.978822499112394,灰区_待探索
586,1,文化深度体验型,0.9981922277331411,0.9963844554662822,高亲和C2_文化深度型
587,1,文化深度体验型,0.9494458201898512,0.8988916403797025,灰区_待探索
588,1,文化深度体验型,0.9083550122414069,0.8167100244828137,高亲和C1_价格权益型
589,1,文化深度体验型,0.9820738300943347,0.9641476601886695,灰区_待探索
590,1,文化深度体验型,0.9932801198958183,0.9865602397916368,高亲和C2_文化深度型
591,1,文化深度体验型,0.99480050250974,0.9896010050194799,高亲和C2_文化深度型
592,1,文化深度体验型,0.9810755000838869,0.9621510001677738,灰区_待探索
593,1,文化深度体验型,0.9937414907134154,0.9874829814268308,高亲和C2_文化深度型
594,1,文化深度体验型,0.9964982752270041,0.9929965504540081,高亲和C2_文化深度型
595,2,价格优惠敏感型,0.0017102034050021262,0.9965795931899958,高亲和C1_价格权益型
596,1,文化深度体验型,0.9839729151775002,0.9679458303550004,灰区_待探索
597,1,文化深度体验型,0.8827746983436681,0.7655493966873361,高亲和C1_价格权益型
598,2,价格优惠敏感型,0.24103078924536378,0.5179384215092724,高亲和C1_价格权益型
599,1,文化深度体验型,0.9864975668877294,0.9729951337754588,灰区_待探索
600,1,文化深度体验型,0.9392060967492208,0.8784121934984418,灰区_待探索
601,1,文化深度体验型,0.9957917082193212,0.9915834164386423,高亲和C2_文化深度型
602,1,文化深度体验型,0.9219877020727077,0.8439754041454156,灰区_待探索
603,2,价格优惠敏感型,0.0019688649793051538,0.9960622700413898,高亲和C1_价格权益型
604,1,文化深度体验型,0.9951318738100795,0.990263747620159,高亲和C2_文化深度型
605,2,价格优惠敏感型,0.019802392777740218,0.9603952144445196,高亲和C1_价格权益型
606,1,文化深度体验型,0.9951489179267067,0.9902978358534135,高亲和C2_文化深度型
607,1,文化深度体验型,0.997569036869121,0.995138073738242,高亲和C2_文化深度型
608,1,文化深度体验型,0.9942056410378544,0.9884112820757087,高亲和C2_文化深度型
609,1,文化深度体验型,0.9807988893042857,0.9615977786085714,灰区_待探索
610,2,价格优惠敏感型,0.0020884118974375666,0.9958231762051248,高亲和C1_价格权益型
611,1,文化深度体验型,0.9925101164000144,0.9850202328000287,高亲和C2_文化深度型
612,2,价格优惠敏感型,0.1043703902297159,0.7912592195405682,高亲和C1_价格权益型
613,2,价格优惠敏感型,0.024790691599475275,0.9504186168010494,高亲和C1_价格权益型
614,1,文化深度体验型,0.9932072931989767,0.9864145863979535,高亲和C2_文化深度型
615,1,文化深度体验型,0.9901427314348018,0.9802854628696037,灰区_待探索
616,1,文化深度体验型,0.9810002919876096,0.9620005839752191,灰区_待探索
617,1,文化深度体验型,0.9791349460450474,0.9582698920900947,灰区_待探索
618,1,文化深度体验型,0.9960128317208605,0.992025663441721,高亲和C2_文化深度型
619,1,文化深度体验型,0.9920286578840138,0.9840573157680277,高亲和C2_文化深度型
620,2,价格优惠敏感型,0.2118912857080343,0.5762174285839313,高亲和C1_价格权益型
621,1,文化深度体验型,0.8215830545229638,0.6431661090459275,高亲和C1_价格权益型
622,2,价格优惠敏感型,0.0758312217023651,0.8483375565952699,高亲和C1_价格权益型
623,1,文化深度体验型,0.9924938565634687,0.9849877131269373,高亲和C2_文化深度型
624,1,文化深度体验型,0.9866773514106542,0.9733547028213084,灰区_待探索
625,1,文化深度体验型,0.9976022449288747,0.9952044898577495,高亲和C2_文化深度型
626,1,文化深度体验型,0.9955125414730588,0.9910250829461176,高亲和C2_文化深度型
627,1,文化深度体验型,0.9817366634999688,0.9634733269999376,灰区_待探索
628,1,文化深度体验型,0.9811272065649588,0.9622544131299176,灰区_待探索
629,1,文化深度体验型,0.9933817327396532,0.9867634654793065,高亲和C2_文化深度型
630,1,文化深度体验型,0.9531727439122905,0.9063454878245808,灰区_待探索
631,1,文化深度体验型,0.930639857470135,0.8612797149402699,灰区_待探索
632,1,文化深度体验型,0.9898020763504324,0.9796041527008646,灰区_待探索
633,1,文化深度体验型,0.9905623088543734,0.9811246177087468,高亲和C2_文化深度型
634,1,文化深度体验型,0.9892724112425016,0.9785448224850033,灰区_待探索
635,1,文化深度体验型,0.9800641355019925,0.9601282710039849,灰区_待探索
636,2,价格优惠敏感型,0.007572304250894248,0.9848553914982114,高亲和C1_价格权益型
637,1,文化深度体验型,0.98328604531678,0.96657209063356,灰区_待探索
638,2,价格优惠敏感型,0.002051228700936509,0.9958975425981269,高亲和C1_价格权益型
639,1,文化深度体验型,0.9792857711218261,0.9585715422436522,灰区_待探索
640,2,价格优惠敏感型,0.1020864533243169,0.7958270933513663,高亲和C1_价格权益型
641,1,文化深度体验型,0.980014696191637,0.9600293923832739,灰区_待探索
642,1,文化深度体验型,0.9961552754997617,0.9923105509995235,高亲和C2_文化深度型
643,1,文化深度体验型,0.9875039651074243,0.9750079302148488,灰区_待探索
644,1,文化深度体验型,0.9907880289927354,0.9815760579854709,高亲和C2_文化深度型
645,1,文化深度体验型,0.9613963944909099,0.9227927889818196,灰区_待探索
646,1,文化深度体验型,0.9965652314912328,0.9931304629824657,高亲和C2_文化深度型
647,1,文化深度体验型,0.5682110187730599,0.1364220375461197,高亲和C1_价格权益型
648,2,价格优惠敏感型,0.23748331216870142,0.525033375662597,高亲和C1_价格权益型
649,1,文化深度体验型,0.9749276029099632,0.9498552058199262,灰区_待探索
650,1,文化深度体验型,0.9962912658205479,0.9925825316410959,高亲和C2_文化深度型
651,1,文化深度体验型,0.9946045537729323,0.9892091075458648,高亲和C2_文化深度型
652,1,文化深度体验型,0.9918975508778369,0.9837951017556739,高亲和C2_文化深度型
653,1,文化深度体验型,0.9893760069793265,0.9787520139586531,灰区_待探索
654,1,文化深度体验型,0.9687469835581721,0.9374939671163444,灰区_待探索
655,2,价格优惠敏感型,0.4050364970212302,0.1899270059575397,高亲和C1_价格权益型
656,1,文化深度体验型,0.9596232695918897,0.9192465391837794,灰区_待探索
657,2,价格优惠敏感型,0.02627640648333632,0.9474471870333274,高亲和C1_价格权益型
658,1,文化深度体验型,0.9916515565272636,0.9833031130545271,高亲和C2_文化深度型
659,1,文化深度体验型,0.989536918887246,0.9790738377744921,灰区_待探索
660,2,价格优惠敏感型,0.029569757757679012,0.940860484484642,高亲和C1_价格权益型
661,2,价格优惠敏感型,0.11906139457033195,0.7618772108593361,高亲和C1_价格权益型
662,1,文化深度体验型,0.9877741658287754,0.9755483316575508,灰区_待探索
663,1,文化深度体验型,0.9821336349101933,0.9642672698203867,灰区_待探索
664,1,文化深度体验型,0.9692959038566503,0.9385918077133006,灰区_待探索
665,2,价格优惠敏感型,0.019157197480283834,0.9616856050394322,高亲和C1_价格权益型
666,2,价格优惠敏感型,0.003820929832260419,0.9923581403354792,高亲和C1_价格权益型
667,1,文化深度体验型,0.9984159464121153,0.9968318928242306,高亲和C2_文化深度型
668,1,文化深度体验型,0.9925186211213515,0.985037242242703,高亲和C2_文化深度型
669,2,价格优惠敏感型,0.006289118319231689,0.9874217633615365,高亲和C1_价格权益型
670,1,文化深度体验型,0.9923580250053936,0.9847160500107872,高亲和C2_文化深度型
671,1,文化深度体验型,0.9953861770339084,0.9907723540678168,高亲和C2_文化深度型
672,1,文化深度体验型,0.9842375479337888,0.9684750958675776,灰区_待探索
673,2,价格优惠敏感型,0.0018911699217824263,0.9962176601564352,高亲和C1_价格权益型
674,1,文化深度体验型,0.9863940475375255,0.9727880950750509,灰区_待探索
675,1,文化深度体验型,0.9835888473505172,0.9671776947010345,灰区_待探索
676,1,文化深度体验型,0.8450226267133781,0.6900452534267564,高亲和C1_价格权益型
677,2,价格优惠敏感型,0.0019628458729021186,0.9960743082541957,高亲和C1_价格权益型
678,1,文化深度体验型,0.9922109667671284,0.9844219335342568,高亲和C2_文化深度型
679,1,文化深度体验型,0.988124259690908,0.9762485193818161,灰区_待探索
680,2,价格优惠敏感型,0.007161433494305507,0.9856771330113889,高亲和C1_价格权益型
681,1,文化深度体验型,0.9908278611520633,0.9816557223041268,高亲和C2_文化深度型
682,1,文化深度体验型,0.9859360578893731,0.9718721157787462,灰区_待探索
683,1,文化深度体验型,0.9836488274144989,0.9672976548289978,灰区_待探索
684,1,文化深度体验型,0.9943853054962104,0.9887706109924208,高亲和C2_文化深度型
685,2,价格优惠敏感型,0.012404004989101214,0.9751919900217976,高亲和C1_价格权益型
686,1,文化深度体验型,0.9890775247413467,0.9781550494826934,灰区_待探索
687,2,价格优惠敏感型,0.0074315812922183914,0.9851368374155631,高亲和C1_价格权益型
688,1,文化深度体验型,0.9934784513375776,0.9869569026751551,高亲和C2_文化深度型
689,1,文化深度体验型,0.9914402587906627,0.9828805175813253,高亲和C2_文化深度型
690,1,文化深度体验型,0.9847756180766868,0.9695512361533736,灰区_待探索
691,1,文化深度体验型,0.9826440970774787,0.9652881941549574,灰区_待探索
692,1,文化深度体验型,0.9869356514207459,0.9738713028414918,灰区_待探索
693,1,文化深度体验型,0.9937379806806175,0.987475961361235,高亲和C2_文化深度型
694,1,文化深度体验型,0.989643236450277,0.9792864729005538,灰区_待探索
695,1,文化深度体验型,0.9890278582576185,0.978055716515237,灰区_待探索
696,2,价格优惠敏感型,0.021378288005701424,0.9572434239885973,高亲和C1_价格权益型
697,1,文化深度体验型,0.9871046460560837,0.9742092921121674,灰区_待探索
698,1,文化深度体验型,0.9504814863289756,0.9009629726579511,灰区_待探索
699,2,价格优惠敏感型,0.12366852258611205,0.7526629548277759,高亲和C1_价格权益型
700,1,文化深度体验型,0.9318367766959599,0.8636735533919198,灰区_待探索
701,1,文化深度体验型,0.9564899803047027,0.9129799606094053,灰区_待探索
702,2,价格优惠敏感型,0.012599506451272302,0.9748009870974554,高亲和C1_价格权益型
703,1,文化深度体验型,0.7757702741998378,0.5515405483996757,高亲和C1_价格权益型
704,1,文化深度体验型,0.9862621679550622,0.9725243359101243,灰区_待探索
705,2,价格优惠敏感型,0.005923591147042807,0.9881528177059145,高亲和C1_价格权益型
706,1,文化深度体验型,0.986074636948088,0.9721492738961758,灰区_待探索
707,1,文化深度体验型,0.9787365239613429,0.9574730479226857,灰区_待探索
708,2,价格优惠敏感型,0.022212367493800397,0.9555752650123992,高亲和C1_价格权益型
709,1,文化深度体验型,0.9749288328125865,0.9498576656251729,灰区_待探索
710,1,文化深度体验型,0.9902492505041157,0.9804985010082313,灰区_待探索
711,1,文化深度体验型,0.9926227977290769,0.9852455954581538,高亲和C2_文化深度型
712,1,文化深度体验型,0.9844463481799791,0.9688926963599581,灰区_待探索
713,1,文化深度体验型,0.9558535477655445,0.911707095531089,灰区_待探索
714,1,文化深度体验型,0.98983619856415,0.9796723971282999,灰区_待探索
715,1,文化深度体验型,0.9891429637772002,0.9782859275544006,灰区_待探索
716,2,价格优惠敏感型,0.01980588445963981,0.9603882310807204,高亲和C1_价格权益型
717,2,价格优惠敏感型,0.010036185449672316,0.9799276291006553,高亲和C1_价格权益型
718,1,文化深度体验型,0.9940549667502595,0.988109933500519,高亲和C2_文化深度型
719,1,文化深度体验型,0.5406942845835301,0.08138856916706028,高亲和C1_价格权益型
720,1,文化深度体验型,0.9949557004822359,0.9899114009644717,高亲和C2_文化深度型
721,1,文化深度体验型,0.9981909283874388,0.9963818567748777,高亲和C2_文化深度型
722,1,文化深度体验型,0.9890391775479831,0.9780783550959661,灰区_待探索
723,1,文化深度体验型,0.9976300162106492,0.9952600324212983,高亲和C2_文化深度型
724,1,文化深度体验型,0.9902813544455429,0.9805627088910859,灰区_待探索
725,1,文化深度体验型,0.9818447984344444,0.9636895968688888,灰区_待探索
726,1,文化深度体验型,0.9893823925303843,0.9787647850607685,灰区_待探索
727,2,价格优惠敏感型,0.00770943536953852,0.9845811292609229,高亲和C1_价格权益型
728,1,文化深度体验型,0.8977737812645725,0.7955475625291452,高亲和C1_价格权益型
729,1,文化深度体验型,0.9903256987535908,0.9806513975071816,灰区_待探索
730,1,文化深度体验型,0.9948866660173303,0.9897733320346607,高亲和C2_文化深度型
731,1,文化深度体验型,0.8792196282515838,0.7584392565031677,高亲和C1_价格权益型
732,1,文化深度体验型,0.9957028925602014,0.9914057851204028,高亲和C2_文化深度型
733,2,价格优惠敏感型,0.0021214895298076503,0.9957570209403848,高亲和C1_价格权益型
734,1,文化深度体验型,0.9927182867194194,0.9854365734388388,高亲和C2_文化深度型
735,1,文化深度体验型,0.9962472650247016,0.9924945300494032,高亲和C2_文化深度型
736,1,文化深度体验型,0.9887101103109106,0.9774202206218213,灰区_待探索
737,1,文化深度体验型,0.9862133692212622,0.9724267384425245,灰区_待探索
738,2,价格优惠敏感型,0.005916216143092532,0.9881675677138149,高亲和C1_价格权益型
739,2,价格优惠敏感型,0.1925293857129491,0.6149412285741017,高亲和C1_价格权益型
740,1,文化深度体验型,0.9866418243515387,0.9732836487030774,灰区_待探索
741,1,文化深度体验型,0.984628423378999,0.9692568467579981,灰区_待探索
742,1,文化深度体验型,0.929440083872421,0.8588801677448421,灰区_待探索
743,2,价格优惠敏感型,0.010295253033962518,0.979409493932075,高亲和C1_价格权益型
744,2,价格优惠敏感型,0.062252443112291944,0.875495113775416,高亲和C1_价格权益型
745,1,文化深度体验型,0.9895118108052555,0.9790236216105112,灰区_待探索
746,1,文化深度体验型,0.9844016039965087,0.9688032079930172,灰区_待探索
747,1,文化深度体验型,0.7428451414544072,0.48569028290881433,高亲和C1_价格权益型
748,1,文化深度体验型,0.7455376042201953,0.4910752084403906,高亲和C1_价格权益型
749,1,文化深度体验型,0.9806595546661777,0.9613191093323553,灰区_待探索
750,1,文化深度体验型,0.9979207470490639,0.9958414940981277,高亲和C2_文化深度型
751,2,价格优惠敏感型,0.011234371363944095,0.9775312572721118,高亲和C1_价格权益型
752,1,文化深度体验型,0.9773819949513012,0.9547639899026024,灰区_待探索
753,1,文化深度体验型,0.9907947478995485,0.9815894957990969,高亲和C2_文化深度型
754,1,文化深度体验型,0.9877760665612989,0.9755521331225977,灰区_待探索
755,1,文化深度体验型,0.9743992469455087,0.9487984938910174,灰区_待探索
756,1,文化深度体验型,0.9823822952617743,0.9647645905235487,灰区_待探索
757,1,文化深度体验型,0.9911738430868038,0.9823476861736076,高亲和C2_文化深度型
758,1,文化深度体验型,0.9832844694716277,0.9665689389432555,灰区_待探索
759,1,文化深度体验型,0.9799538538219936,0.9599077076439873,灰区_待探索
760,1,文化深度体验型,0.7264530377640027,0.4529060755280055,高亲和C1_价格权益型
761,2,价格优惠敏感型,0.12247949924464328,0.7550410015107134,高亲和C1_价格权益型
762,2,价格优惠敏感型,0.23586787486078659,0.5282642502784267,高亲和C1_价格权益型
763,1,文化深度体验型,0.9959099129982026,0.9918198259964054,高亲和C2_文化深度型
764,1,文化深度体验型,0.988132244792903,0.9762644895858059,灰区_待探索
765,1,文化深度体验型,0.9940222042193629,0.9880444084387259,高亲和C2_文化深度型
766,1,文化深度体验型,0.9981985464035783,0.9963970928071566,高亲和C2_文化深度型
767,1,文化深度体验型,0.6831765672005267,0.36635313440105327,高亲和C1_价格权益型
768,2,价格优惠敏感型,0.011648819182461058,0.976702361635078,高亲和C1_价格权益型
769,1,文化深度体验型,0.9707002345401883,0.9414004690803764,灰区_待探索
770,1,文化深度体验型,0.9924922331172839,0.9849844662345677,高亲和C2_文化深度型
771,1,文化深度体验型,0.976732882136751,0.9534657642735019,灰区_待探索
772,1,文化深度体验型,0.9975646683957927,0.9951293367915853,高亲和C2_文化深度型
773,1,文化深度体验型,0.7024535301100235,0.4049070602200471,高亲和C1_价格权益型
774,1,文化深度体验型,0.9932075430791685,0.9864150861583371,高亲和C2_文化深度型
775,1,文化深度体验型,0.9947184730566632,0.9894369461133263,高亲和C2_文化深度型
776,2,价格优惠敏感型,0.017984543198422662,0.9640309136031546,高亲和C1_价格权益型
777,2,价格优惠敏感型,0.021897712741816545,0.956204574516367,高亲和C1_价格权益型
778,1,文化深度体验型,0.992296717446924,0.9845934348938482,高亲和C2_文化深度型
779,1,文化深度体验型,0.7452202843174333,0.49044056863486646,高亲和C1_价格权益型
780,1,文化深度体验型,0.9224468604692431,0.844893720938486,灰区_待探索
781,1,文化深度体验型,0.9817657492216452,0.9635314984432903,灰区_待探索
782,1,文化深度体验型,0.5659543285390105,0.13190865707802102,高亲和C1_价格权益型
783,1,文化深度体验型,0.9544889121466437,0.9089778242932873,灰区_待探索
784,1,文化深度体验型,0.8720269409042329,0.7440538818084659,高亲和C1_价格权益型
785,1,文化深度体验型,0.9869974485015067,0.9739948970030136,灰区_待探索
786,2,价格优惠敏感型,0.09001054191861217,0.8199789161627757,高亲和C1_价格权益型
787,2,价格优惠敏感型,0.22049010242329103,0.5590197951534179,高亲和C1_价格权益型
788,2,价格优惠敏感型,0.01024219270821266,0.9795156145835747,高亲和C1_价格权益型
789,2,价格优惠敏感型,0.004138150202575566,0.9917236995948487,高亲和C1_价格权益型
790,1,文化深度体验型,0.9972514415809821,0.9945028831619642,高亲和C2_文化深度型
791,2,价格优惠敏感型,0.07300171558349061,0.8539965688330187,高亲和C1_价格权益型
792,1,文化深度体验型,0.9814987319236651,0.9629974638473302,灰区_待探索
793,1,文化深度体验型,0.9917212305395111,0.9834424610790222,高亲和C2_文化深度型
794,1,文化深度体验型,0.979139774169563,0.9582795483391259,灰区_待探索
795,1,文化深度体验型,0.9822026095963526,0.9644052191927053,灰区_待探索
796,1,文化深度体验型,0.9857635214079101,0.9715270428158203,灰区_待探索
797,1,文化深度体验型,0.9907007226940759,0.9814014453881518,高亲和C2_文化深度型
798,1,文化深度体验型,0.8696725706860048,0.7393451413720095,高亲和C1_价格权益型
799,1,文化深度体验型,0.9876249674189275,0.9752499348378548,灰区_待探索
800,1,文化深度体验型,0.8329311815954342,0.6658623631908684,高亲和C1_价格权益型
801,1,文化深度体验型,0.8784397293696594,0.7568794587393188,高亲和C1_价格权益型
802,1,文化深度体验型,0.9290835071941949,0.8581670143883897,灰区_待探索
803,1,文化深度体验型,0.9959861968009149,0.9919723936018299,高亲和C2_文化深度型
804,1,文化深度体验型,0.9910794250602805,0.9821588501205609,高亲和C2_文化深度型
805,1,文化深度体验型,0.9929312156834191,0.9858624313668383,高亲和C2_文化深度型
806,1,文化深度体验型,0.9816418986109988,0.9632837972219976,灰区_待探索
807,1,文化深度体验型,0.8541085649203856,0.7082171298407712,高亲和C1_价格权益型
808,2,价格优惠敏感型,0.4995917417118061,0.0008165165763878157,高亲和C1_价格权益型
809,1,文化深度体验型,0.9799666446157996,0.9599332892315993,灰区_待探索
810,1,文化深度体验型,0.9891423921007861,0.9782847842015723,灰区_待探索
811,2,价格优惠敏感型,0.007963349737736915,0.9840733005245261,高亲和C1_价格权益型
812,1,文化深度体验型,0.9942786019651547,0.9885572039303094,高亲和C2_文化深度型
813,1,文化深度体验型,0.9690160084136706,0.9380320168273413,灰区_待探索
815,1,文化深度体验型,0.9537076291807388,0.9074152583614776,灰区_待探索
816,1,文化深度体验型,0.9312262125940678,0.8624524251881357,灰区_待探索
817,1,文化深度体验型,0.691315812972667,0.38263162594533384,高亲和C1_价格权益型
818,1,文化深度体验型,0.9950537265244196,0.9901074530488391,高亲和C2_文化深度型
819,1,文化深度体验型,0.9779959014056854,0.9559918028113707,灰区_待探索
820,1,文化深度体验型,0.8745412429160802,0.7490824858321603,高亲和C1_价格权益型
821,1,文化深度体验型,0.9905709978781404,0.9811419957562808,高亲和C2_文化深度型
822,1,文化深度体验型,0.9563785148491798,0.9127570296983596,灰区_待探索
823,1,文化深度体验型,0.984948552678498,0.969897105356996,灰区_待探索
824,1,文化深度体验型,0.9817550221321906,0.9635100442643811,灰区_待探索
825,1,文化深度体验型,0.9491514005116127,0.8983028010232256,灰区_待探索
826,1,文化深度体验型,0.9752736852659973,0.9505473705319947,灰区_待探索
827,1,文化深度体验型,0.9711287407215312,0.9422574814430624,灰区_待探索
828,1,文化深度体验型,0.8870122827369268,0.7740245654738537,高亲和C1_价格权益型
829,1,文化深度体验型,0.9784787427947059,0.9569574855894118,灰区_待探索
830,1,文化深度体验型,0.9451364527988292,0.8902729055976583,灰区_待探索
831,1,文化深度体验型,0.9721717457045017,0.9443434914090033,灰区_待探索
832,1,文化深度体验型,0.9834350292057232,0.9668700584114465,灰区_待探索
833,1,文化深度体验型,0.9886078311564824,0.9772156623129649,灰区_待探索
834,1,文化深度体验型,0.5926967197460423,0.1853934394920846,高亲和C1_价格权益型
835,1,文化深度体验型,0.9638250158497315,0.9276500316994629,灰区_待探索
836,1,文化深度体验型,0.9889795100877521,0.9779590201755042,灰区_待探索
837,1,文化深度体验型,0.7107946099837472,0.42158921996749443,高亲和C1_价格权益型
838,1,文化深度体验型,0.9698887321485282,0.9397774642970563,灰区_待探索
839,1,文化深度体验型,0.9935083322545486,0.9870166645090971,高亲和C2_文化深度型
840,1,文化深度体验型,0.9692578573517143,0.9385157147034286,灰区_待探索
841,1,文化深度体验型,0.9958230195633415,0.991646039126683,高亲和C2_文化深度型
842,1,文化深度体验型,0.9004139303820531,0.8008278607641062,高亲和C1_价格权益型
843,1,文化深度体验型,0.9753381974191215,0.9506763948382431,灰区_待探索
844,1,文化深度体验型,0.9975230894953612,0.9950461789907223,高亲和C2_文化深度型
845,1,文化深度体验型,0.969657105043378,0.939314210086756,灰区_待探索
846,1,文化深度体验型,0.9941034036716323,0.9882068073432646,高亲和C2_文化深度型
847,1,文化深度体验型,0.9694760679826121,0.9389521359652241,灰区_待探索
848,1,文化深度体验型,0.9477124207451093,0.8954248414902187,灰区_待探索
849,1,文化深度体验型,0.9792937984349878,0.9585875968699756,灰区_待探索
850,1,文化深度体验型,0.9840798902775086,0.9681597805550173,灰区_待探索
851,1,文化深度体验型,0.9638899696340236,0.9277799392680472,灰区_待探索
852,1,文化深度体验型,0.9575359445063754,0.9150718890127507,灰区_待探索
853,1,文化深度体验型,0.9100810418016885,0.8201620836033768,高亲和C1_价格权益型
854,1,文化深度体验型,0.9945709926489041,0.9891419852978083,高亲和C2_文化深度型
855,1,文化深度体验型,0.992914823170404,0.985829646340808,高亲和C2_文化深度型
856,1,文化深度体验型,0.9657850668267572,0.9315701336535145,灰区_待探索
857,1,文化深度体验型,0.990824275227328,0.9816485504546559,高亲和C2_文化深度型
859,1,文化深度体验型,0.8845223621941385,0.769044724388277,高亲和C1_价格权益型
860,2,价格优惠敏感型,0.1501367018795345,0.6997265962409309,高亲和C1_价格权益型
861,1,文化深度体验型,0.9673624066834711,0.934724813366942,灰区_待探索
862,1,文化深度体验型,0.9672979777523367,0.9345959555046734,灰区_待探索
863,1,文化深度体验型,0.968565864368983,0.9371317287379659,灰区_待探索
