respondent_id,visit_group,visit_depth_bin,attention_flag,logic_flag,invalid_union_flag,cluster_label,perception_mean,importance_mean,performance_mean,cognition_mean,motive_count,new_project_pref_count,promo_pref_count
1,1,0,1,0,0,2,4.461538,4.900000,4.600000,4.750000,4,4,2
2,1,1,1,0,0,2,2.923077,4,1.800000,2,4,4,3
3,2,0,1,0,0,2,3.384615,4.300000,3.900000,2,4,4,3
4,1,0,1,0,0,1,3.923077,4.400000,4.100000,4.500000,3,3,3
5,1,0,0,0,0,2,2,1.500000,1.400000,1.250000,4,4,3
6,1,0,1,0,0,2,3.846154,4.200000,4.200000,4.250000,4,3,2
7,1,0,1,0,0,2,3.923077,3.700000,4.400000,4,4,4,3
8,1,0,1,0,0,2,4.076923,4.100000,4.300000,1.750000,4,4,3
9,1,1,1,0,0,2,4.230769,4.200000,4.100000,3.250000,4,4,2
10,1,1,1,0,0,1,4.461538,4.200000,4.300000,4.500000,3,4,2
11,1,0,1,0,0,2,3.923077,3.900000,4,4.250000,4,3,2
12,1,0,1,0,0,1,4.307692,1.800000,4.400000,4.500000,3,4,3
13,1,0,1,0,0,1,3.923077,4,4.200000,4,4,3,3
14,1,0,1,0,0,2,2.846154,2,2.200000,1,4,4,2
15,1,0,1,0,0,2,4,4.200000,4.300000,4.250000,4,3,2
16,1,0,1,0,0,2,4.076923,4,4,3.500000,4,4,2
17,1,1,1,0,0,2,3.769231,4.300000,2.200000,4,4,3,3
18,1,1,1,0,0,2,4.461538,4.900000,4.900000,4.250000,4,3,3
19,2,0,1,0,0,2,4.153846,4.200000,4.100000,5,4,4,3
20,1,1,1,0,0,2,4.230769,4.600000,2.100000,4,4,3,2
21,1,0,1,0,0,2,4.307692,4,4,4.250000,4,3,2
22,1,1,1,0,0,2,3.923077,4.300000,4.100000,4.250000,4,4,3
23,2,1,1,0,0,1,4.384615,4.900000,4.900000,4.750000,4,4,2
24,1,0,1,0,0,1,3.923077,2.500000,4,3.500000,3,4,2
25,1,0,1,0,0,2,4.153846,2.500000,4.100000,4,4,4,2
26,1,0,1,0,0,2,3.846154,2.100000,4.100000,4,4,4,3
27,1,0,1,0,0,2,2,1.500000,1.400000,2,4,3,3
28,1,0,1,0,0,1,4.384615,5,5,4.500000,4,4,3
29,2,1,1,0,0,2,3.923077,4.200000,3.600000,4.500000,4,4,3
30,1,1,1,0,0,2,4.076923,4,4.100000,4,4,4,3
31,1,1,1,0,0,2,3.846154,4.100000,4.100000,4.250000,4,3,3
32,1,0,1,0,0,2,2.769231,1.700000,1.900000,2.500000,4,4,2
33,1,0,1,0,0,1,4.461538,4.700000,4.900000,4.500000,4,4,3
34,2,0,1,0,0,2,4.076923,4.300000,4.200000,4.500000,4,3,3
35,1,0,1,0,0,1,4.230769,4.400000,4.100000,1.750000,3,4,3
36,1,0,1,0,0,2,3.692308,2.500000,4,4,4,4,2
37,1,1,1,0,0,2,4,4.600000,3.900000,4.500000,4,3,3
38,1,1,1,0,0,2,3.769231,2.300000,4.200000,1.500000,4,3,3
39,1,0,1,0,0,2,3.307692,4.100000,4.500000,3.500000,4,4,3
40,2,0,1,0,0,2,3.846154,4,4.100000,5,4,4,3
41,1,1,1,0,0,2,4.076923,3.900000,3.900000,2.250000,4,4,2
42,2,1,1,0,0,2,4.153846,4.400000,3.900000,4.500000,4,3,3
43,2,0,1,0,0,2,4.153846,4.500000,1.500000,4.250000,4,4,2
44,1,1,1,0,0,2,4.230769,4.100000,4.100000,4.500000,3,3,3
45,1,1,1,0,0,2,4.153846,4.100000,4.500000,4,4,4,3
46,1,0,1,0,0,2,4.153846,4,4.300000,3.250000,4,3,2
47,1,0,1,0,0,1,4.461538,3.300000,4.800000,4.500000,3,4,3
48,1,0,1,0,0,2,4.538462,4.700000,4.800000,4.250000,4,4,2
49,1,0,1,0,0,2,4.153846,4.600000,4.100000,4,3,3,3
50,1,0,1,0,0,2,4.307692,4.300000,2.100000,4,4,3,2
51,1,0,1,0,0,2,2.384615,3.900000,4.100000,4.250000,4,3,2
52,1,0,1,0,0,1,3.923077,4.400000,4.500000,4,3,3,3
53,1,0,1,0,0,1,4.461538,4.400000,4.200000,4.250000,3,4,3
54,1,1,1,0,0,2,4.153846,4,4.300000,2.500000,4,4,3
55,1,0,1,0,0,2,4.153846,1.800000,4.100000,4.250000,4,4,2
56,1,0,1,0,0,2,4.307692,4.100000,4,3.750000,4,4,3
57,2,0,1,0,0,1,4.076923,4.400000,2.200000,4.500000,4,4,3
58,2,1,1,0,0,2,1.615385,1.500000,2.300000,1.250000,4,4,3
59,1,0,1,0,0,1,4,4.300000,4.300000,1.500000,4,3,3
60,1,0,1,0,0,1,3.769231,4.200000,4.200000,4,3,4,2
61,1,1,1,0,0,2,3.692308,4.100000,4,4,4,4,2
62,1,0,1,0,0,2,3.230769,4.100000,4.200000,4,4,4,3
63,1,0,1,0,0,2,4.230769,4.200000,4.100000,4.500000,4,3,3
64,1,0,1,0,0,2,4,4.100000,4.300000,3.750000,4,4,3
65,1,0,1,0,0,1,4.153846,3.800000,4.400000,3.750000,3,4,2
66,1,1,1,0,0,1,3.307692,4,3.800000,4.500000,3,4,2
67,1,1,1,0,0,1,4.384615,5,3.100000,2.250000,4,4,3
68,1,1,1,0,0,1,3.923077,4.200000,2,4.500000,3,4,3
69,2,0,1,0,0,2,4.230769,4.400000,3.900000,4.250000,4,4,3
70,1,0,1,0,0,2,4,4.300000,4.100000,4,4,4,3
71,1,0,1,0,0,2,4.230769,1.800000,4.400000,3.750000,4,4,3
72,1,0,1,0,0,1,4.230769,4.200000,4,4,4,4,3
73,1,0,1,0,0,2,3.153846,3.900000,1.900000,3.750000,4,4,3
74,1,1,1,0,0,2,4.307692,4.200000,4.500000,3.750000,4,4,3
75,1,0,1,0,0,1,4.461538,4.900000,4.900000,4.250000,4,3,3
76,1,0,1,0,0,2,4.153846,1.800000,2.100000,4.500000,4,4,3
77,1,0,1,0,0,2,3.384615,4,4.200000,2,4,3,3
78,1,0,1,0,0,1,4.461538,3.700000,4.200000,4,3,4,2
79,2,0,1,0,0,1,3.615385,3.800000,1.800000,4,4,3,3
80,1,0,1,0,0,2,3.923077,4,4.500000,4,4,4,2
81,2,0,1,0,0,1,3.923077,4.400000,3.600000,4.250000,3,4,3
82,1,1,1,0,0,1,3.615385,4.200000,2,3.750000,4,4,3
83,1,0,1,0,0,2,4,4.300000,2.500000,4.250000,4,4,3
84,1,0,1,0,0,2,3.615385,4.200000,4.400000,2.500000,4,4,2
85,1,1,1,0,0,2,4.384615,4.100000,4.300000,4.250000,3,3,3
86,1,1,1,0,0,1,4.538462,4.700000,4.900000,4.500000,4,3,2
87,2,1,1,0,0,2,4.153846,4.400000,3.900000,4.250000,4,4,3
88,2,0,1,0,0,2,3.692308,4.100000,1.900000,4.250000,4,3,3
89,1,1,0,0,0,2,3.846154,3.900000,4,3.750000,4,4,3
90,1,0,1,0,0,1,4.307692,3.900000,3.900000,3.500000,3,4,3
91,2,0,1,0,0,2,4.307692,3.900000,3.900000,3.750000,4,4,3
92,1,0,1,0,0,2,3.692308,4.300000,4.100000,4.500000,4,4,3
93,1,0,1,0,0,2,4,3.900000,4.300000,4.500000,4,4,3
94,1,1,1,0,0,1,3.538462,4,4,3.750000,4,4,3
95,1,0,1,0,0,2,4.307692,4,2.100000,3,4,4,3
96,2,0,1,0,0,1,3.846154,4.200000,4.100000,4.250000,3,4,3
97,1,0,0,0,0,2,3.538462,4.300000,4,4,4,4,2
98,1,0,1,0,0,1,3.692308,4.100000,4.100000,4.500000,4,4,2
99,1,0,1,0,0,2,4.076923,4.200000,4.200000,4,4,4,2
100,1,0,1,0,0,1,2,1.500000,1.900000,1,3,4,3
101,2,0,1,0,0,1,3.538462,4,4.200000,3.750000,4,4,3
102,1,0,1,0,0,2,4.307692,4.400000,4.300000,4,4,4,3
103,1,0,1,0,0,2,3.615385,2.400000,3.900000,3.750000,4,4,3
104,2,0,1,0,0,2,4.230769,4.200000,4.100000,4,4,3,3
105,1,0,1,0,0,2,4.076923,3.900000,4.100000,2.500000,4,4,2
106,1,0,1,0,0,1,4.230769,4,2.200000,4,4,4,3
107,1,0,1,0,0,1,3,2.300000,1.800000,2,3,4,3
108,1,1,1,0,0,2,4.076923,4.100000,3.700000,4.250000,4,4,2
109,1,0,1,0,0,2,3.846154,2.400000,2.200000,4.750000,4,3,2
110,1,0,1,0,0,2,4.153846,4.100000,4.200000,4,3,4,3
111,1,1,1,0,0,2,3.692308,4.500000,4.200000,4.500000,4,3,3
112,1,0,1,0,0,2,3.923077,4,3.900000,4.250000,4,4,2
113,1,0,1,0,0,2,3.615385,1.900000,3.800000,2,4,4,2
114,2,0,1,0,0,2,4.461538,4,4.300000,4.250000,4,3,2
115,2,0,1,0,0,2,3.615385,1.700000,4.300000,1.750000,4,4,3
116,1,1,1,0,0,2,3.615385,4.400000,3.900000,4.250000,4,4,3
117,1,0,1,0,0,1,3.923077,4.200000,4,3.500000,3,4,3
118,1,0,1,0,0,1,3.923077,2.100000,4.300000,3.750000,4,3,3
119,1,1,1,0,0,1,4.153846,4.700000,4.300000,4,3,4,3
120,1,0,1,0,0,1,4.307692,2.100000,4.400000,3.500000,4,4,3
121,1,0,1,0,0,2,4.307692,4,4.100000,3.750000,4,4,3
122,2,0,1,0,0,2,2.692308,2.400000,1.800000,1.500000,4,4,2
123,1,0,1,0,0,1,3.230769,4.200000,4,4.250000,4,4,2
124,1,0,1,0,0,1,4.307692,4.300000,4.200000,4.250000,4,3,3
125,1,0,1,0,0,1,4.076923,4.200000,4.300000,1.750000,3,4,3
126,1,1,1,0,0,2,4,4.100000,4.200000,1.500000,4,4,2
127,1,0,1,0,0,1,3.769231,4.400000,4.200000,1.750000,4,4,3
128,2,0,1,0,0,2,4,3.900000,3.800000,3.750000,4,4,2
129,1,0,1,0,0,2,2.615385,4,2.200000,4,4,4,2
130,1,0,1,0,0,1,3.538462,4.200000,4.100000,2.500000,4,3,2
131,1,0,0,0,0,2,3.153846,3.800000,4.500000,4.750000,4,4,3
132,2,0,1,0,0,2,3.846154,4.100000,4.200000,4.250000,4,3,3
133,1,1,1,0,0,1,3,4.300000,4.100000,3.750000,4,4,3
134,1,0,1,0,0,2,4,4.500000,4.200000,2.500000,4,3,3
135,1,0,1,0,0,1,4.230769,4.300000,4,4.250000,4,4,3
136,1,1,1,0,0,2,4.153846,4.100000,4.300000,5,4,4,3
137,1,0,1,0,0,2,3.846154,4.600000,4.200000,4.500000,4,4,3
138,1,0,1,0,0,1,3.615385,4.100000,3.900000,3.500000,4,4,3
139,1,0,1,0,0,2,3.923077,4,4.200000,4.250000,4,4,3
140,1,0,1,0,0,1,4.076923,4.300000,4.200000,4,4,4,2
141,1,1,1,0,0,2,4.153846,4.600000,3.900000,4,4,4,3
142,1,0,1,0,0,2,4.307692,4,4,4.750000,4,4,3
143,1,1,1,0,0,2,3.615385,4.500000,4.100000,4,4,3,3
144,1,0,1,0,0,2,4.230769,4.400000,3.800000,4.500000,4,4,2
145,2,1,1,0,0,2,4.230769,4,4.100000,4.500000,4,4,3
146,2,1,1,0,0,2,4.230769,3.900000,4.200000,4,4,3,2
147,1,1,1,0,0,2,2.230769,1.400000,1.300000,1.750000,4,4,3
148,1,0,1,0,0,2,4.307692,4.200000,4.200000,1.750000,4,4,3
149,1,1,1,0,0,1,3.923077,4.100000,1.800000,4,3,4,3
150,1,0,1,0,0,1,4.153846,1.800000,1.900000,3.750000,3,3,3
151,1,0,1,0,0,2,3.538462,1.800000,4.500000,4.500000,4,3,3
152,1,0,1,0,0,1,2.846154,1.900000,2,2.250000,3,4,3
153,1,0,1,0,0,1,4.076923,1.400000,4.200000,3.750000,4,4,3
154,1,0,1,0,0,2,4.307692,4.200000,4.200000,4.250000,4,4,2
155,2,0,0,0,0,1,2,1.500000,1.500000,1,4,4,2
156,2,1,1,0,0,2,4.153846,4,1.800000,4.250000,4,4,2
157,1,1,0,0,0,1,2.230769,2.100000,2,1.250000,4,4,3
158,2,0,1,0,0,2,3.538462,3.900000,4.100000,4.750000,4,4,3
159,1,0,0,0,0,2,3.923077,4,4.400000,4.250000,4,3,3
160,1,0,1,0,0,2,4,4.200000,4,4.250000,4,4,3
161,2,0,1,0,0,2,4.076923,4.100000,4,4,4,3,3
162,1,0,1,0,0,2,4.230769,1.900000,4,3.250000,4,4,3
163,1,1,1,0,0,1,3.692308,4.300000,3.900000,4,3,3,2
164,2,1,1,0,0,2,4.384615,3.700000,3.900000,4.250000,4,4,3
165,1,0,1,0,0,2,4.153846,4.200000,3.900000,3.750000,4,4,2
166,1,0,1,0,0,2,3.923077,3.700000,1.600000,4.250000,4,4,3
167,2,0,1,0,0,2,2.076923,1.500000,1.500000,1.250000,4,4,3
168,1,0,1,0,0,1,4.153846,4.200000,4.500000,3.750000,4,4,3
169,1,0,0,0,0,2,3,4.200000,2,4.250000,4,3,2
170,1,0,1,0,0,2,4.153846,2.300000,4,3.750000,4,4,2
171,1,1,1,0,0,1,4.230769,2.700000,4,4.250000,4,3,3
172,1,0,1,0,0,2,3.692308,4.300000,4.400000,3.750000,4,4,3
173,2,0,1,0,0,2,3.076923,4.100000,4.100000,4.250000,4,3,3
174,1,0,1,0,0,2,4.076923,4,4,3.750000,4,4,2
175,1,0,1,0,0,2,4,4.100000,4.300000,3.750000,4,3,2
176,1,0,1,0,0,2,4.076923,4.400000,4.100000,3.500000,4,4,2
177,1,1,1,0,0,1,3.615385,4.300000,4,3.250000,4,4,2
178,1,1,1,0,0,2,1.615385,1.400000,1.300000,1.500000,4,4,3
179,1,0,1,0,0,1,4.307692,4.100000,3.900000,3.500000,4,4,2
180,1,0,1,0,0,2,4.230769,3.600000,4,4,4,4,2
181,1,0,1,0,0,2,3.769231,4,2.200000,4.750000,4,4,2
182,1,0,1,0,0,2,4.153846,4.600000,3.800000,4.500000,4,3,3
183,1,0,1,0,0,2,3.846154,4.300000,4.400000,2.750000,4,4,3
184,1,0,1,0,0,1,4,4.200000,4,4.500000,3,4,2
185,1,0,1,0,0,2,4.230769,4.100000,3.900000,2,4,4,2
186,1,1,1,0,0,2,4.307692,3.900000,4.200000,3.750000,4,4,3
187,1,0,1,0,0,2,4.153846,4.200000,4.100000,3.250000,4,3,2
188,1,0,1,0,0,2,3.769231,3.800000,4.300000,3.500000,4,4,3
189,1,0,1,0,0,2,3.538462,4.200000,4.200000,4.500000,4,4,3
190,1,0,1,0,0,2,3.769231,3.800000,4,4.500000,4,3,3
191,2,0,1,0,0,2,4.307692,4.200000,4.300000,4.250000,4,4,3
192,1,0,1,0,0,2,4.153846,4.100000,1.700000,4.250000,4,3,3
193,1,0,1,0,0,1,4.230769,4.300000,4,4.500000,4,3,3
194,1,0,1,0,0,2,3.461538,2.400000,3.900000,4,4,4,3
195,1,0,1,0,0,2,4.307692,4.100000,3.800000,4.750000,4,4,3
196,1,0,1,0,0,2,4.461538,5,4.700000,5,4,4,3
197,1,0,1,0,0,2,3,2.500000,4.400000,2,4,3,3
198,1,0,1,0,0,1,4.076923,4.300000,4,3.750000,4,3,3
199,2,0,1,0,0,2,4.230769,2.300000,4,4.250000,4,4,3
200,1,0,0,0,0,1,2.461538,1.500000,1.200000,1.250000,3,4,2
201,2,0,1,0,0,1,4.307692,4.200000,4.100000,4.500000,3,4,3
202,1,0,1,0,0,2,4.076923,4.300000,3.500000,4,4,4,3
203,2,0,0,0,0,1,3.538462,4.300000,4.300000,3.750000,4,4,3
204,1,1,1,0,0,1,4,4.400000,2,3.500000,3,4,3
205,1,0,1,0,0,1,4.153846,4.100000,4.200000,5,3,4,3
206,1,0,1,0,0,2,3.230769,4,4.200000,4.250000,4,3,3
207,2,0,1,0,0,2,4.307692,3.800000,4.200000,4.250000,4,3,3
208,1,0,1,0,0,1,4.076923,1.700000,4.300000,4.250000,4,4,3
209,2,1,1,0,0,1,2.538462,2.100000,2.500000,2.750000,4,4,2
210,2,0,1,0,0,2,4.230769,4.100000,3.900000,5,4,4,3
211,1,0,1,0,0,1,4.076923,4,4.100000,5,4,4,3
212,1,0,1,0,0,1,4.307692,4.300000,4,4.250000,4,4,3
213,1,0,0,0,0,2,2.230769,1.300000,1.500000,1.250000,4,4,3
214,1,0,1,0,0,2,4.076923,4.400000,4,2.750000,4,4,2
215,1,0,1,0,0,2,3.461538,3.800000,4.200000,3.750000,4,4,3
216,1,1,1,0,0,2,3.923077,4.300000,4.100000,2.750000,4,4,3
217,1,0,1,0,0,2,4,4.100000,4.100000,4.750000,4,4,2
218,1,0,1,0,0,2,4,4.300000,3.800000,4,4,4,3
219,2,0,1,0,0,1,3.769231,3.900000,4,4.250000,4,4,3
220,1,0,1,0,0,2,3.923077,4.300000,4.500000,4,4,4,3
221,1,1,1,0,0,2,3.076923,4.400000,4.400000,4.500000,4,4,2
222,1,0,1,0,0,1,4.076923,3.900000,4.100000,4,3,4,2
223,1,1,1,0,0,2,4,4.300000,4.200000,4.500000,4,3,3
224,1,0,1,0,0,2,4.461538,4.100000,4,4,4,4,3
225,1,0,1,0,0,2,3.692308,4.500000,2.100000,4.750000,4,4,3
226,1,1,1,0,0,1,1.846154,1.600000,1.600000,1.250000,3,3,2
227,2,1,1,0,0,1,4.153846,4.200000,4,4.500000,3,4,3
228,1,1,1,0,0,2,4.153846,4.600000,3.600000,3.750000,4,4,2
229,1,0,1,0,0,2,4.076923,4.100000,4.200000,4,4,4,3
230,1,0,1,0,0,2,3.769231,4.100000,4,4.250000,4,4,2
231,1,0,1,0,0,1,2.307692,1.900000,2,1.500000,4,3,2
232,1,1,1,0,0,2,3.846154,4.300000,4.200000,3.500000,4,3,2
233,2,1,1,0,0,2,3.846154,3.800000,4.300000,4,4,4,3
234,1,0,1,0,0,1,3.538462,4.100000,4,4.750000,4,4,2
235,1,0,1,0,0,2,4.384615,2.200000,4.200000,4.250000,4,3,3
236,2,0,1,0,0,2,4.307692,3.800000,2.500000,4,4,4,3
237,1,0,1,0,0,2,4.538462,4.800000,3.400000,4,4,4,3
238,2,1,1,0,0,2,3.923077,3.900000,4.300000,4,4,4,3
239,1,0,1,0,0,2,4.153846,4,3.900000,4.250000,4,4,3
240,1,1,1,0,0,2,4.153846,4,4.300000,3.750000,4,3,2
241,1,1,1,0,0,2,3.538462,4.500000,4.300000,4.250000,4,4,3
242,1,1,1,0,0,1,4.076923,4.100000,4,2.750000,4,4,3
243,1,0,0,0,0,2,2.846154,2.200000,2.200000,4.500000,4,4,2
244,1,0,1,0,0,2,4.153846,4,4.100000,4.250000,4,4,3
245,1,0,1,0,0,2,4.307692,4,4.200000,4.500000,4,4,2
246,2,0,1,0,0,2,4.230769,4.300000,4,4.250000,4,3,3
247,1,1,1,0,0,2,4.230769,4.400000,2.400000,3.500000,4,4,3
248,2,0,0,0,0,2,3.615385,3.800000,4.600000,4.250000,4,4,3
249,2,0,1,0,0,2,2.769231,2.500000,2.100000,2,4,4,3
250,1,0,1,0,0,1,3.153846,4,4.100000,2.250000,4,4,2
251,2,1,1,0,0,2,2.153846,1.100000,1.300000,1.500000,4,3,3
252,1,1,1,0,0,2,4.461538,4.700000,4.400000,4.500000,4,4,3
253,1,0,1,0,0,2,2.307692,2.100000,2.400000,2.750000,4,4,2
254,1,1,0,0,0,2,3.692308,4.300000,4.100000,3.750000,4,4,3
255,1,0,1,0,0,1,3.769231,4.300000,2.500000,4.250000,4,4,3
256,2,0,1,0,0,1,3.846154,4,3.600000,4.500000,3,3,3
257,1,0,1,0,0,1,3.615385,4.200000,4.100000,4.250000,3,3,2
258,2,1,1,0,0,2,4.461538,2.100000,4.100000,3.750000,4,4,3
259,1,0,1,0,0,2,4.307692,3.700000,4.500000,3.750000,4,4,3
260,1,0,1,0,0,2,2.076923,1.200000,1.500000,1.500000,4,3,3
261,1,0,1,0,0,2,4.307692,4.300000,4.400000,3.750000,4,4,2
262,1,0,1,0,0,2,4.307692,3.800000,4.200000,4.250000,4,4,2
263,1,0,1,0,0,1,4,3.900000,4.100000,2.500000,3,4,3
264,2,0,0,0,0,2,1.923077,1.400000,2.500000,1.250000,4,4,2
265,1,1,1,0,0,2,4.230769,4,3.500000,4,4,4,2
266,1,0,1,0,0,2,3.846154,3.900000,4.500000,4,4,4,2
267,1,0,1,0,0,1,4.230769,1.800000,2.700000,4.500000,4,4,3
268,2,0,1,0,0,2,2.846154,2.100000,1.800000,5,4,4,3
269,1,0,1,0,0,1,3.461538,4.300000,4.200000,4.500000,3,4,2
270,1,0,1,0,0,2,3.538462,4.400000,4.200000,4.250000,4,3,2
271,1,0,0,0,0,2,2.846154,2.300000,1.900000,3,4,4,3
272,1,1,1,0,0,2,3.538462,4.600000,1.600000,1.750000,4,4,3
273,1,1,1,0,0,2,4.307692,2.100000,2.100000,4.500000,4,4,3
274,1,1,1,0,0,2,3.923077,4.300000,4.100000,4,4,3,3
275,1,0,1,0,0,2,4.076923,4.100000,4.200000,4.750000,4,3,3
276,2,0,1,0,0,2,4,4,4.300000,4.250000,4,4,3
277,1,1,1,0,0,1,4.307692,3.800000,4,4.500000,3,4,3
278,1,0,1,0,0,2,4.307692,4,4.100000,4.250000,3,4,3
279,1,0,1,0,0,2,4.230769,4.100000,4.100000,4.750000,4,4,3
280,1,0,1,0,0,2,4.230769,2.400000,4.100000,2.250000,4,3,3
281,1,0,1,0,0,1,4.384615,1.900000,4.200000,3.750000,3,3,2
282,1,1,1,0,0,2,3.461538,4.200000,2.400000,4,4,4,2
283,1,1,1,0,0,2,3.769231,4,4.400000,4,4,4,3
284,1,1,1,0,0,2,4.230769,4,4.100000,4.500000,3,4,3
285,1,0,0,0,0,1,3.923077,2.100000,4.500000,4,3,3,3
286,1,0,1,0,0,2,4.076923,4.300000,4.100000,4.750000,4,3,3
287,1,1,1,0,0,1,3.769231,2.500000,4.200000,4.500000,3,3,3
288,1,0,1,0,0,1,4.230769,3.700000,4.200000,4,3,4,3
289,1,1,1,0,0,2,3.923077,4.100000,4.100000,3.750000,4,4,2
290,1,0,1,0,0,2,3.153846,1.600000,2,4,4,4,3
291,2,0,1,0,0,2,4.230769,4.400000,4.400000,4.250000,4,4,3
292,1,0,1,0,0,1,4.153846,2.400000,4,4.250000,4,3,2
293,1,1,1,0,0,2,3.538462,4,3.900000,3.750000,4,4,2
294,2,0,1,0,0,1,4.230769,3.700000,4.100000,4,3,3,3
295,1,1,1,0,0,2,3.692308,2,4.100000,4,4,4,3
296,2,1,1,0,0,1,4.307692,4.200000,4.300000,4,4,4,2
297,1,0,1,0,0,1,4.461538,4.500000,5,4.750000,3,4,2
298,1,1,1,0,0,1,4.153846,4.300000,4.300000,4.250000,4,3,3
299,2,0,1,0,0,1,3.461538,1.800000,4.300000,4.500000,3,4,3
300,1,0,1,0,0,2,4.153846,2.200000,4,4.500000,4,3,3
301,1,0,1,0,0,2,3.538462,4.500000,4.400000,3.500000,4,3,3
302,1,0,1,0,0,1,3.538462,3.900000,4,2.750000,3,4,3
303,1,0,1,0,0,2,4.230769,4.300000,3.700000,4,4,4,3
304,2,0,1,0,0,2,3.538462,4.100000,4.200000,3.750000,4,4,2
305,2,1,1,0,0,2,4.153846,4.300000,3.900000,4,4,4,2
306,2,0,1,0,0,1,4.153846,4.100000,4.100000,4.750000,3,4,2
307,1,0,1,0,0,2,4.153846,3.700000,4,4,4,4,2
308,2,1,1,0,0,1,4.153846,3.900000,4.100000,3.750000,4,3,2
309,2,0,1,0,0,2,3.307692,4.400000,3.900000,4,4,4,3
310,1,0,1,0,0,2,2.769231,1.900000,2.500000,2,4,3,3
311,2,1,1,0,0,1,4.153846,2.300000,4.600000,3.750000,4,4,2
312,1,1,1,0,0,2,3.769231,4.700000,4.600000,4.500000,4,3,3
313,1,0,1,0,0,1,4.076923,4.200000,4.200000,4.500000,4,4,3
314,1,0,1,0,0,1,3.615385,4.300000,4.100000,2.250000,3,4,3
315,1,1,1,0,0,1,4.538462,5,4.700000,4.750000,4,4,2
316,1,0,1,0,0,2,2.923077,4.200000,4.100000,3.500000,4,4,2
317,2,1,1,0,0,2,3.384615,4,4.500000,4,4,3,3
318,1,1,1,0,0,2,4,4.200000,3.600000,3.750000,4,4,2
319,1,0,1,0,0,2,4.230769,4.400000,3.800000,4.750000,4,4,3
320,2,0,0,0,0,2,2.538462,2.200000,3.800000,2.500000,4,4,3
321,1,1,1,0,0,2,4.153846,4.400000,4.300000,4.250000,4,4,3
322,2,0,1,0,0,1,3.692308,3.800000,3.900000,4,4,4,3
323,1,1,1,0,0,1,4.230769,4.200000,4.300000,4,3,4,2
324,2,0,1,0,0,1,3.769231,4,4.100000,4.500000,4,4,3
325,1,0,1,0,0,1,4.153846,1.700000,4,4.250000,3,4,2
326,1,0,1,0,0,1,4.076923,2.400000,2.100000,4.500000,3,4,3
327,2,1,1,0,0,2,2.615385,2,2.100000,2.500000,4,3,3
328,1,0,1,0,0,2,4.153846,3.900000,3.900000,4.750000,4,4,3
329,2,0,0,0,0,2,1.923077,2.200000,1.300000,2.750000,3,4,2
330,1,1,1,0,0,1,3.692308,4.200000,4.100000,3.750000,4,4,3
331,1,0,1,0,0,2,4.615385,4.800000,5,4.750000,4,4,3
332,1,0,1,0,0,1,2.769231,2,2.300000,1.750000,4,3,3
333,1,0,1,0,0,2,2.076923,2.300000,2.200000,2.500000,4,4,3
334,1,0,1,0,0,2,4.153846,2.200000,3.800000,4.250000,4,4,2
335,2,1,1,0,0,1,3.692308,2,4.100000,2,4,3,3
336,1,0,1,0,0,2,4.153846,4.300000,2.400000,4,4,4,3
337,1,0,1,0,0,2,4.384615,4,4.300000,4.500000,4,4,3
338,2,1,1,0,0,2,4.307692,4.100000,4,4.750000,3,4,2
339,1,1,1,0,0,1,4.384615,4.200000,3.900000,4.250000,4,4,2
340,1,0,1,0,0,2,3.461538,2.500000,4.200000,4.500000,4,4,2
341,1,1,1,0,0,2,3.692308,4.300000,4.100000,4.750000,4,3,2
342,1,0,1,0,0,2,4.076923,4.100000,3.500000,4.250000,4,4,3
343,1,0,1,0,0,2,4.307692,1.900000,4.100000,4.250000,4,4,3
344,2,1,1,0,0,2,4,4.400000,4,5,4,4,2
345,1,0,1,0,0,2,4.384615,2.100000,4,3.750000,4,3,2
346,1,1,1,0,0,1,3.307692,4.100000,4.400000,3.500000,4,3,3
347,1,1,1,0,0,1,4.076923,4.200000,4.100000,3.750000,4,4,2
348,1,1,1,0,0,1,4.307692,2.300000,4.500000,1.750000,4,4,3
349,1,0,1,0,0,1,4.230769,4.100000,2.500000,4,4,3,3
350,1,1,0,0,0,1,3.692308,4.200000,4.100000,3.500000,4,4,3
351,1,0,1,0,0,2,3.615385,4.100000,4.100000,3.750000,4,3,3
352,1,0,1,0,0,2,3.846154,4.100000,4.200000,3.500000,4,4,3
353,1,0,1,0,0,2,3.307692,4,4.300000,4,4,3,2
354,1,0,1,0,0,2,3.923077,4.400000,4.300000,2.250000,4,3,3
355,1,0,1,0,0,2,4.307692,4.600000,4.200000,3.750000,4,4,2
356,1,0,1,0,0,1,3.538462,4,4.100000,5,4,3,2
357,1,1,1,0,0,2,4.153846,4.500000,1.900000,4,4,3,3
358,1,0,1,0,0,2,4.461538,3.900000,4.400000,3.750000,4,4,3
359,1,0,1,0,0,2,2.692308,3.900000,3.900000,3.250000,4,4,3
360,2,0,1,0,0,2,2.384615,2.200000,2.100000,2,3,4,3
361,1,1,1,0,0,1,4.307692,4,4.200000,3.500000,3,3,3
362,1,1,1,0,0,1,4.153846,4.200000,4.100000,4,4,4,3
363,2,0,1,0,0,2,4.076923,4.100000,4,4.250000,4,4,3
364,1,1,1,0,0,1,4,3.900000,4.300000,4,3,4,2
365,1,0,1,0,0,1,3.846154,3.900000,4.400000,3.750000,4,4,3
366,1,1,1,0,0,1,4.076923,4,4.200000,4,4,3,2
367,1,1,1,0,0,1,3.846154,3.900000,4,4.250000,4,4,3
368,2,0,1,0,0,2,4.538462,5,4.800000,3.500000,4,4,3
369,1,0,1,0,0,2,4,3.900000,4.200000,4.500000,4,4,2
370,1,1,1,0,0,2,4.230769,4.400000,2.100000,2.250000,4,4,2
371,1,0,0,0,0,2,3,2,1.500000,2.750000,4,4,3
372,1,0,1,0,0,2,4.461538,4.100000,4.200000,4.250000,4,4,3
373,1,1,1,0,0,2,3.384615,4.100000,4,4,4,4,2
374,1,0,1,0,0,2,4.076923,4,4.400000,2,4,4,3
375,2,0,1,0,0,1,2.615385,4.400000,4,1.750000,4,4,3
376,1,1,1,0,0,2,3.923077,4.400000,4.300000,4.250000,4,3,3
377,1,0,1,0,0,1,3.923077,4.300000,2,3.750000,4,3,3
378,2,0,1,0,0,2,4.153846,4,4,3.750000,4,3,3
379,2,1,1,0,0,1,4.307692,3.900000,4.400000,3.750000,3,4,3
380,2,0,1,0,0,1,4.153846,4.100000,3.600000,4,4,4,2
381,1,0,0,0,0,2,2,1.700000,1.300000,1.750000,4,4,3
382,1,0,1,0,0,2,3.615385,3.800000,4.200000,4.500000,4,4,3
383,1,0,1,0,0,2,3.076923,4,4.300000,4.250000,4,4,3
384,1,0,1,0,0,1,4.076923,4.200000,4.400000,4.750000,4,4,3
385,2,0,1,0,0,2,3.384615,4.400000,4,1.750000,4,3,3
386,1,0,1,0,0,1,2.461538,1.800000,4.500000,2.250000,4,4,3
387,1,0,1,0,0,1,3.923077,1.800000,4.300000,4.750000,4,4,3
388,1,0,1,0,0,1,4.230769,4.100000,4.300000,4.250000,3,4,2
389,1,0,1,0,0,2,4,4.200000,4,4,4,4,2
390,1,0,1,0,0,1,4.538462,4.800000,4.600000,4.500000,4,4,2
391,1,0,1,0,0,2,4.307692,4,4,4.500000,4,4,3
392,2,0,1,0,0,2,3.692308,3.900000,4.400000,3.750000,4,4,3
393,1,0,1,0,0,1,3,2.200000,2.400000,2.250000,4,4,2
394,1,1,1,0,0,2,2.230769,1.600000,1.100000,1.500000,4,4,2
395,1,0,1,0,0,1,2.769231,2.200000,2.100000,2.750000,3,4,3
396,1,0,1,0,0,2,3.769231,4.300000,4.100000,4.250000,4,4,3
397,1,0,1,0,0,2,3.307692,4,1.900000,3.500000,4,3,3
398,2,0,1,0,0,2,3.692308,4,4,5,4,4,2
399,1,0,1,0,0,1,4.153846,3.900000,4.400000,4,3,3,3
400,2,1,1,0,0,2,4.230769,4.100000,4.100000,4.250000,4,4,2
401,1,1,1,0,0,2,4.307692,4.500000,4.100000,4.250000,4,4,3
402,1,0,1,0,0,2,2.769231,2.300000,2,3.500000,4,4,3
403,1,0,1,0,0,2,4.230769,4.100000,4.300000,3.750000,4,3,2
404,1,0,0,0,0,2,3.461538,3.800000,4.200000,3.750000,4,4,3
405,1,0,1,0,0,2,4.307692,4,4.100000,4.250000,4,4,3
406,1,0,1,0,0,1,4.384615,4.200000,4.100000,4.250000,4,3,3
407,1,0,1,0,0,2,4.307692,4.100000,4,4,4,4,2
408,1,1,1,0,0,1,3.538462,4.200000,4,4,4,4,3
409,1,0,1,0,0,1,4.153846,4.100000,4.100000,4.250000,4,4,3
410,2,0,1,0,0,2,4.153846,4.200000,2.400000,4,4,4,3
411,1,0,1,0,0,1,4.307692,4.100000,3.900000,4.500000,3,4,3
412,1,0,1,0,0,1,4.076923,3.900000,4.200000,4.500000,4,4,3
413,1,1,1,0,0,1,4.230769,3.700000,4,2.750000,3,3,3
414,1,1,1,0,0,2,4.307692,4.600000,4.400000,4.500000,3,3,2
415,2,0,1,0,0,1,4,3.700000,4.100000,3.500000,3,4,2
416,2,0,1,0,0,2,4.230769,4,1.700000,4,4,4,2
417,1,0,1,0,0,2,3.307692,4,4.500000,4.250000,4,4,3
418,1,0,1,0,0,2,4.615385,4.700000,4.700000,3.750000,4,4,3
419,1,1,1,0,0,2,4.076923,4.300000,4,4,4,4,2
420,1,0,1,0,0,2,3.076923,3.800000,2.400000,4,4,4,2
421,1,0,1,0,0,2,4.538462,4.700000,5,4,4,4,2
422,1,0,1,0,0,2,4.307692,4.400000,1.900000,4,4,4,3
423,1,0,1,0,0,1,4.307692,4,4.100000,2.250000,4,3,2
424,1,0,1,0,0,2,3.307692,4.600000,4.200000,4.500000,4,4,2
425,1,0,1,0,0,2,4.230769,4.200000,3.900000,4.250000,4,4,3
426,1,0,1,0,0,2,4.230769,3.600000,4.100000,3.250000,4,4,3
427,1,0,0,0,0,2,2.384615,1.500000,1.400000,1.250000,4,4,3
428,1,1,1,0,0,1,3.307692,3.800000,3.900000,4,3,4,2
429,1,1,1,0,0,2,4,4,4.200000,4.250000,4,4,3
430,1,0,1,0,0,2,4.307692,4.100000,4.100000,3.500000,4,3,3
431,1,1,0,0,0,1,2.153846,2.600000,1.400000,1,3,4,3
432,1,0,1,0,0,2,2.692308,2.200000,4.500000,1.500000,4,4,2
433,1,0,1,0,0,1,1.923077,1.600000,1.800000,1.500000,4,3,3
434,1,0,1,0,0,2,4.076923,4.300000,4,3.750000,4,4,2
435,2,1,1,0,0,2,4.153846,4.800000,2.100000,4.500000,4,4,2
436,2,1,1,0,0,1,3.846154,4.500000,4.100000,3.750000,3,4,3
437,1,1,1,0,0,2,3.307692,2.100000,1.800000,4.500000,4,3,2
438,1,0,1,0,0,1,3.307692,4,2.200000,2.750000,4,4,3
439,1,0,1,0,0,2,4.153846,2.400000,4,4.250000,4,3,3
440,2,1,1,0,0,2,3.230769,1.500000,2.100000,4.750000,4,4,3
441,1,0,1,0,0,2,2.307692,2.100000,2.200000,4.250000,4,3,2
442,1,1,1,0,0,2,4,3.800000,3.800000,4,4,4,3
443,1,0,1,0,0,2,2.307692,1.100000,1.200000,1.500000,4,4,3
444,1,0,1,0,0,2,2.153846,1.500000,1.300000,1.750000,4,4,3
445,2,1,1,0,0,1,4,4,4.100000,4.750000,4,4,3
446,2,1,1,0,0,2,4,4.100000,4.300000,1.750000,3,3,2
447,1,1,1,0,0,1,3.615385,4,2.300000,3.750000,3,4,3
448,1,1,1,0,0,1,4.076923,4.200000,4.300000,3.750000,4,4,3
449,1,1,1,0,0,2,3.769231,3.700000,4,4.500000,4,3,3
450,1,0,1,0,0,2,4.230769,3.800000,1.700000,4,4,3,3
451,1,0,1,0,0,2,3.615385,4,4,4,4,4,3
452,1,0,0,0,0,2,2.692308,2,2.300000,2,4,4,3
453,1,0,1,0,0,2,3.769231,4.200000,4,4.250000,4,3,2
454,1,0,1,0,0,2,4.461538,4.900000,4.800000,4.250000,4,3,2
455,1,1,1,0,0,2,3.461538,4.100000,3.600000,4.750000,4,4,3
456,1,0,1,0,0,2,4.461538,3.300000,3.500000,4,4,4,3
457,1,0,0,0,0,1,3.538462,4.100000,1.900000,3.750000,4,4,3
458,1,0,0,0,0,2,3.769231,4.300000,4,4.250000,4,4,3
459,1,1,1,0,0,1,3.692308,3.800000,4.300000,4,4,3,3
460,1,1,1,0,0,2,2.153846,1.800000,2.400000,2,4,4,2
461,2,0,1,0,0,2,4.153846,3.900000,4.400000,2.500000,4,4,3
462,1,0,1,0,0,2,3.692308,4.200000,4,4.500000,4,4,3
463,1,1,1,0,0,1,4.461538,4.300000,4.400000,4.500000,3,4,3
464,1,1,1,0,0,2,3.923077,4.400000,4.100000,4.250000,4,4,2
465,1,0,1,0,0,2,4.076923,4.200000,4.300000,3.500000,4,4,3
466,1,0,1,0,0,1,4.307692,1.900000,4.100000,4.250000,3,4,2
467,2,0,1,0,0,1,4.461538,4.800000,4.800000,5,3,3,2
468,2,0,0,0,0,1,2.076923,1.500000,1.200000,1.250000,4,4,3
469,1,1,1,0,0,2,4.461538,4.200000,3.900000,1.750000,4,4,3
470,1,0,0,0,0,2,2.230769,1.900000,1.400000,1.250000,4,4,3
471,1,0,1,0,0,1,3.846154,4.400000,3.800000,1.750000,4,4,2
472,1,1,1,0,0,1,3.923077,4.200000,4.100000,4.500000,3,4,3
473,1,1,0,0,0,2,3.615385,4.200000,4.200000,4,4,4,2
474,1,0,1,0,0,2,4.076923,3.700000,3.900000,5,4,4,2
475,1,0,1,0,0,2,4.538462,4.600000,4.300000,4.250000,4,4,3
476,1,0,1,0,0,2,2.230769,1.300000,1.400000,1,4,4,2
477,2,0,1,0,0,2,3.923077,4.500000,4.300000,4,4,4,3
478,1,1,1,0,0,1,4.153846,4.400000,3.900000,3.750000,4,4,3
479,1,1,1,0,0,1,4.307692,4.400000,4.100000,4.250000,3,4,3
480,1,1,0,0,0,2,2.692308,2.300000,2.300000,2.250000,4,4,3
481,1,0,1,0,0,2,4.461538,4.800000,4.700000,5,4,4,2
482,2,0,1,0,0,1,3.230769,4.200000,2,4.500000,4,3,2
483,1,0,1,0,0,1,3.230769,4,4.200000,3.750000,3,4,3
484,1,0,1,0,0,2,4.307692,4.400000,4.100000,4,4,4,3
485,1,0,1,0,0,2,4.076923,4.300000,4.300000,4,4,4,2
486,2,0,1,0,0,2,4.538462,4.500000,4.700000,4.250000,4,4,2
487,2,0,1,0,0,2,4,4.400000,4.400000,4,4,3,3
488,1,1,0,0,0,2,4.076923,3.700000,4.200000,4.500000,4,3,3
489,1,0,1,0,0,1,2.923077,3.800000,4,4.750000,4,4,2
490,1,0,1,0,0,1,3.769231,4.100000,4,4,3,3,3
491,1,0,0,0,0,2,2.846154,4.300000,2.500000,4.250000,4,3,3
492,1,0,1,0,0,2,4.153846,4.100000,4.200000,4.500000,4,4,2
493,1,0,1,0,0,2,3.538462,4.100000,3.900000,4.500000,4,4,2
494,1,0,1,0,0,2,3.461538,4.300000,3.500000,3.750000,4,4,3
495,1,0,1,0,0,1,3.846154,4,4.100000,4,4,4,3
496,1,0,1,0,0,2,4.384615,4.400000,2.100000,3.750000,4,4,3
497,2,1,1,0,0,2,3.923077,1.800000,4.500000,4.500000,4,4,3
498,1,0,1,0,0,2,3.615385,3.900000,4.200000,3.750000,4,4,2
499,1,1,1,0,0,2,4.384615,4,4.100000,4.250000,4,4,3
500,1,0,1,0,0,2,3.461538,4.200000,4.300000,3.750000,4,3,3
501,1,0,1,0,0,2,3.461538,4.300000,4.100000,2.750000,4,4,3
502,1,0,1,0,0,2,3.461538,4.200000,3.900000,5,4,3,2
503,1,0,1,0,0,1,3.923077,3.800000,4.600000,4,3,4,2
504,1,1,1,0,0,1,3.769231,4.100000,3.900000,4,4,3,3
505,2,0,1,0,0,2,4.230769,4,3.900000,4.500000,4,4,3
506,1,0,1,0,0,1,3.692308,4.100000,4,1.500000,4,4,3
507,1,0,1,0,0,1,3.538462,3.800000,4.300000,4.250000,3,4,2
508,1,0,1,0,0,1,1.846154,1.400000,1.800000,1.500000,4,4,3
509,1,0,1,0,0,2,3.615385,4.200000,3.800000,2.750000,3,4,3
510,1,1,1,0,0,1,4.384615,4.300000,4.500000,4.250000,3,4,3
511,1,0,1,0,0,2,4.538462,5,4.700000,4.250000,4,4,3
512,1,1,0,0,0,2,2.076923,2.300000,1.200000,2.250000,4,4,2
513,1,0,1,0,0,2,2.692308,1.800000,2.100000,2.750000,4,4,3
514,2,0,1,0,0,2,3.230769,3.900000,4.100000,4.250000,4,3,3
515,2,0,0,0,0,2,3.615385,4.300000,4,4.250000,4,4,3
516,1,0,1,0,0,1,4.230769,4.100000,4,4,4,4,3
517,1,1,1,0,0,2,3.846154,4.300000,3.800000,4.750000,4,4,2
518,1,1,1,0,0,1,3.923077,3.900000,3.700000,3.750000,3,3,3
519,2,0,1,0,0,1,4,2.700000,4.100000,4,4,4,3
520,1,0,1,0,0,2,4.307692,4.100000,2.400000,4,4,4,3
521,1,0,1,0,0,1,3.538462,4.100000,4.300000,2.250000,4,4,2
522,2,0,1,0,0,2,3.846154,4.300000,4,3.500000,4,4,3
523,2,0,1,0,0,1,4.153846,4,4.400000,4.500000,4,4,3
524,1,0,1,0,0,2,3.076923,4,4.600000,4,4,3,3
525,1,0,1,0,0,2,4.153846,4.100000,2.100000,4.250000,4,4,3
526,1,0,1,0,0,2,4.230769,4.300000,1.600000,4.250000,4,4,3
527,2,0,1,0,0,2,3.615385,4,2.200000,3.750000,3,4,3
528,2,0,1,0,0,1,4,4.700000,4,4.250000,3,4,3
529,1,0,1,0,0,2,3.769231,3.800000,3.700000,3.750000,4,4,2
530,1,0,1,0,0,1,2.615385,2.200000,1.800000,1.500000,4,4,3
531,1,0,1,0,0,1,3.384615,4.200000,2.400000,5,4,4,3
532,1,0,1,0,0,2,3.923077,4.300000,4.400000,4.250000,4,4,3
533,2,1,1,0,0,1,4.076923,4.300000,4.200000,4.250000,4,4,2
534,1,0,1,0,0,1,4,4,3.900000,4,4,4,2
535,1,0,1,0,0,1,4.230769,4.200000,4.100000,4.250000,3,3,3
536,1,0,1,0,0,2,3.923077,4.100000,4.500000,4.250000,4,3,2
537,1,0,1,0,0,2,3.384615,4,4.200000,3,4,4,3
538,1,0,1,0,0,2,2.076923,2.200000,1.200000,1.500000,4,3,3
539,2,0,1,0,0,1,3.769231,4.300000,4.500000,4,4,4,3
540,1,0,1,0,0,1,4.461538,4.900000,4.900000,4.250000,4,4,3
541,1,1,1,0,0,2,3.615385,1.800000,4.400000,4.500000,4,3,2
542,1,0,1,0,0,1,4.461538,4.900000,4.800000,4.500000,3,3,3
543,1,0,1,0,0,1,3.923077,4.200000,4.300000,3.750000,4,4,3
544,2,0,1,0,0,1,3.769231,4.300000,3.900000,4,4,4,3
545,2,0,1,0,0,2,4.307692,2.300000,4.200000,4.250000,4,3,3
546,2,0,1,0,0,2,4.076923,4.200000,2.100000,4.500000,4,4,3
547,1,0,1,0,0,2,4.230769,4,3.600000,4.500000,4,4,2
548,1,1,1,0,0,1,4,3.800000,4.500000,4.250000,4,4,2
549,1,0,1,0,0,2,4.384615,4.400000,4.200000,4,4,3,3
550,1,1,1,0,0,2,3.461538,4.300000,4.200000,5,3,4,3
551,1,0,1,0,0,2,2.692308,1.800000,2.400000,3.750000,4,3,3
552,1,1,1,0,0,2,2.846154,2,2.300000,1.500000,4,4,3
553,1,0,1,0,0,1,2.923077,2.100000,1.600000,2.750000,3,3,3
554,1,0,1,0,0,2,4.076923,3.900000,4.100000,4.250000,4,4,3
555,1,1,0,0,0,2,3.153846,2,3.800000,2,4,4,2
556,2,1,1,0,0,1,4.230769,4.200000,4,4.500000,4,4,2
557,2,0,1,0,0,1,4.153846,4.100000,3.800000,4.250000,4,3,2
558,1,0,1,0,0,1,4.076923,3.900000,3.900000,4.250000,3,4,2
559,1,1,1,0,0,2,3.923077,4.300000,4.200000,4.250000,4,3,2
560,1,0,1,0,0,2,4.461538,4.400000,3.900000,3.500000,4,4,2
561,1,0,1,0,0,1,3.538462,4.300000,4.200000,2.750000,4,4,2
562,2,0,1,0,0,1,4.230769,4.400000,4,4.500000,3,4,3
563,1,0,1,0,0,2,4.153846,3.800000,4.500000,4.500000,4,4,2
564,1,0,1,0,0,2,4.230769,4.400000,4.300000,2.500000,4,3,2
565,1,1,1,0,0,1,4.230769,4,3.900000,1.500000,3,4,2
566,2,0,1,0,0,1,4.153846,4.100000,4,4.250000,3,4,2
567,1,1,1,0,0,2,2.461538,1.900000,2.400000,2.500000,4,4,3
568,1,0,1,0,0,2,3.384615,4.200000,4.300000,4,4,4,3
569,1,0,1,0,0,2,3.923077,4.300000,4,4.500000,4,4,2
570,1,0,1,0,0,2,4.461538,4.500000,4.200000,4.500000,4,4,2
571,1,0,1,0,0,2,4.076923,4.400000,4.100000,4,3,4,3
572,1,0,0,0,0,2,2.538462,2.100000,3.500000,2,4,4,2
573,1,0,1,0,0,2,3.461538,4.100000,4.600000,4.500000,4,4,2
574,1,0,1,0,0,2,4.076923,4.400000,4.400000,2,4,3,3
575,1,0,1,0,0,1,4.307692,2.100000,4,4.250000,4,4,3
576,1,0,1,0,0,1,4,4.600000,4.300000,4.250000,4,4,2
577,1,0,1,0,0,1,2.923077,4.500000,4.300000,3.750000,4,4,3
578,1,0,1,0,0,2,4.307692,4.700000,4.100000,3.750000,4,4,2
579,1,0,1,0,0,2,3.615385,4.200000,4.300000,3.500000,4,3,2
580,1,1,1,0,0,1,4.076923,4.300000,3.800000,4,4,3,3
581,1,1,1,0,0,2,3.923077,4,4,4.250000,4,4,2
582,2,0,1,0,0,1,3.769231,4.300000,4.100000,4.750000,4,4,2
583,1,0,1,0,0,2,3.846154,4.100000,1.800000,4.500000,4,4,2
584,1,0,1,0,0,1,3.461538,4.100000,4.100000,4.500000,4,3,3
585,1,0,1,0,0,2,4.384615,4.300000,4,4.250000,4,4,3
586,1,0,1,0,0,2,4.692308,5,4.900000,4.750000,4,4,2
587,1,0,1,0,0,1,3.461538,4.300000,4.200000,1.500000,3,4,3
588,1,1,1,0,0,2,3.846154,4.200000,3.900000,1.750000,4,4,2
589,1,0,1,0,0,2,4.230769,4.100000,4,4.250000,4,4,3
590,1,0,1,0,0,2,4.076923,4,4.500000,4,4,4,3
591,1,0,1,0,0,1,3.615385,4.100000,4.300000,4.750000,4,4,3
592,1,0,1,0,0,1,3.615385,4.100000,4,4.250000,4,4,3
593,1,1,1,0,0,1,3.538462,4.400000,4.100000,4.750000,3,3,2
594,1,0,1,0,0,1,4.076923,4.400000,4.400000,4.750000,3,3,3
595,1,0,1,0,0,2,1.615385,1.800000,1.300000,1.500000,4,4,3
596,2,0,1,0,0,1,3.692308,4.200000,4.600000,2.250000,3,3,3
597,1,0,1,0,0,1,3.384615,4,4,1.750000,4,4,3
598,1,0,1,0,0,1,4.076923,4.300000,1.800000,4.250000,4,3,2
599,1,0,1,0,0,2,4.153846,4.200000,4.100000,4,4,4,2
600,1,0,1,0,0,2,4.230769,4.200000,4.100000,2,4,4,2
601,1,0,1,0,0,1,4.230769,4,4.500000,4,4,4,2
602,2,1,1,0,0,2,4.153846,2.600000,4.300000,4.250000,4,4,3
603,2,0,1,0,0,2,1.692308,1.600000,1.300000,1.500000,4,4,3
604,1,0,1,0,0,2,4.076923,4.300000,4.200000,4.250000,4,4,2
605,1,0,1,0,0,2,2.461538,2.300000,1.800000,4,4,4,3
606,1,0,1,0,0,1,3.615385,4.100000,4.400000,4.750000,3,4,3
607,1,0,1,0,0,2,4.538462,4.700000,4.900000,4.750000,4,4,2
608,1,0,1,0,0,1,4.153846,4.400000,4.300000,4,4,4,2
609,1,1,1,0,0,1,2.615385,4,3.900000,4.250000,3,4,3
610,2,0,1,0,0,2,1.692308,1.300000,1.200000,1.500000,4,4,2
611,1,1,1,0,0,2,3.923077,4.100000,4.200000,4.250000,4,3,3
612,1,1,0,0,0,1,2.461538,4.300000,2.100000,2.500000,4,4,3
613,1,1,1,0,0,2,3.846154,2.100000,1.900000,4.500000,4,4,2
614,1,0,1,0,0,2,4.153846,4.400000,4.200000,4.500000,4,3,2
615,1,1,0,0,0,1,4,4.300000,4.500000,3.750000,4,4,3
616,1,0,1,0,0,2,4.153846,3.600000,4.300000,4,4,4,3
617,2,0,1,0,0,2,4.153846,4,4,3.500000,4,4,3
618,1,0,1,0,0,1,3.769231,4.300000,4.500000,4.500000,4,4,3
619,1,0,1,0,0,2,3.538462,4.100000,4.200000,4.250000,4,4,2
620,1,1,1,0,0,2,4.153846,4.400000,2.100000,3.750000,4,4,3
621,2,0,1,0,0,1,4,2.200000,4,3.500000,3,4,2
622,1,0,1,0,0,2,4.307692,3.900000,2,2,4,4,3
623,1,0,1,0,0,1,4.153846,4.300000,4.100000,4.250000,4,4,3
624,1,0,1,0,0,2,4.230769,4,4.100000,3.750000,4,3,3
625,1,0,1,0,0,1,4.461538,4.800000,4.700000,5,4,4,3
626,1,1,1,0,0,2,4.230769,4.400000,4.500000,4.250000,4,4,3
627,1,1,1,0,0,2,3.692308,4,4.200000,3.250000,4,3,2
628,1,0,1,0,0,2,3.692308,4,3.800000,3.750000,4,4,3
629,1,0,1,0,0,2,4.153846,4,4.500000,4,4,4,3
630,1,0,1,0,0,2,3.230769,3.900000,3.800000,3.500000,4,4,3
631,1,1,1,0,0,2,4.230769,2.300000,4.200000,4.750000,4,4,3
632,1,0,1,0,0,2,3.384615,3.800000,4.100000,4.500000,4,4,3
633,2,0,1,0,0,2,3.769231,4,4.100000,4.750000,4,4,3
634,2,1,1,0,0,1,3.846154,4.300000,4,4,4,4,3
635,1,1,1,0,0,1,4.307692,4.200000,4,4,4,4,3
636,2,0,1,0,0,2,2.769231,1.600000,2.300000,2,4,4,3
637,1,0,1,0,0,2,4.307692,4.100000,4.100000,3.750000,4,4,3
638,1,0,1,0,0,2,2.307692,1.100000,1.300000,1.500000,4,4,2
639,1,0,1,0,0,1,3.538462,4.200000,3.800000,4.250000,4,3,2
640,1,0,1,0,0,2,3.384615,3.800000,2.200000,2.500000,4,3,3
641,2,0,1,0,0,1,4.384615,4,4.600000,2,4,4,3
642,1,0,1,0,0,1,4,4.300000,4.400000,4.750000,3,4,3
643,1,1,1,0,0,2,4.230769,4,4.100000,4,4,3,3
644,1,0,1,0,0,2,4.076923,4,4.200000,3.750000,4,4,2
645,1,0,1,0,0,1,4,4.200000,3.600000,3.750000,4,4,3
646,1,0,1,0,0,1,4.076923,4.300000,4.500000,4,4,4,3
647,1,0,1,0,0,1,4.384615,4.100000,2.400000,4.250000,4,4,3
648,1,0,1,0,0,2,3.769231,4.100000,2.100000,4.500000,4,3,3
649,1,0,1,0,0,2,3.307692,4.200000,3.900000,3.250000,4,4,3
650,1,0,1,0,0,2,4.384615,4,4.600000,4.500000,4,3,3
651,1,1,1,0,0,2,4.230769,4.200000,4.300000,4.500000,4,4,3
652,1,0,1,0,0,2,3.615385,4.200000,4.100000,4,4,4,3
653,1,0,1,0,0,2,4.230769,4.300000,4,4,4,4,3
654,1,1,1,0,0,1,3.384615,4.200000,3.700000,4.500000,3,4,3
655,1,1,1,0,0,2,4.230769,4,2.400000,4.500000,4,4,3
656,1,1,1,0,0,1,3.923077,2.500000,4.500000,4.250000,4,4,2
657,2,1,1,0,0,1,2.769231,2.600000,2.400000,1.250000,3,4,2
658,1,1,1,0,0,1,3.615385,4.200000,4.100000,5,4,3,3
659,1,0,1,0,0,1,4.307692,4.200000,4.100000,4.750000,3,4,2
660,1,0,1,0,0,1,3.923077,2.100000,2.400000,2.250000,3,4,3
661,1,0,0,0,0,1,3.230769,4,1.800000,3.750000,3,4,3
662,2,0,1,0,0,1,4.153846,4.300000,4,4.500000,4,4,3
663,1,0,1,0,0,1,3.769231,4,4.100000,3.500000,3,4,3
664,1,1,1,0,0,2,4.230769,4,3.900000,4.250000,4,4,3
665,1,1,1,0,0,1,2.538462,2,2.300000,2.250000,3,4,2
666,1,1,0,0,0,1,2,1.400000,1.600000,1.500000,3,4,3
667,1,0,1,0,0,2,4.615385,4.800000,4.900000,4.250000,4,3,2
668,2,0,1,0,0,1,3.538462,4.600000,4.100000,4.500000,4,4,3
669,1,1,0,0,0,2,3.384615,2.200000,2,2.500000,4,4,3
670,1,1,1,0,0,2,4.153846,4.400000,4.100000,4.250000,3,4,3
671,1,0,1,0,0,2,4,4,4.400000,4.250000,4,4,3
672,1,1,1,0,0,1,4,4,3.900000,4,3,3,3
673,1,0,1,0,0,1,1.923077,1.300000,1.200000,1.250000,4,4,3
674,1,0,1,0,0,1,3.615385,4,3.800000,5,4,4,2
675,1,0,1,0,0,1,4.153846,4.100000,3.800000,4.500000,3,4,3
676,1,0,1,0,0,2,4.230769,2,4.200000,4.250000,4,4,3
677,1,0,0,0,0,2,2,1.200000,1.200000,1.500000,4,3,3
678,1,0,1,0,0,2,4.384615,4.100000,4.300000,4.250000,4,4,3
679,1,0,0,0,0,1,3.461538,3.900000,4.100000,4.250000,4,4,2
680,2,1,1,0,0,1,3,2.200000,1.800000,2.750000,3,4,2
681,1,0,1,0,0,2,3.769231,4,4.100000,4.250000,4,4,3
682,1,0,1,0,0,2,3.846154,4.200000,3.900000,4.500000,4,4,3
683,1,0,1,0,0,2,3.615385,4.800000,3.600000,4.250000,4,3,3
684,2,0,1,0,0,1,3.461538,4.500000,4.200000,4,4,4,2
685,1,0,0,0,0,2,2.384615,1.400000,2.300000,1.250000,4,4,2
686,1,0,1,0,0,1,4,4.300000,4.100000,3.750000,4,3,3
687,1,1,0,0,0,2,2.692308,2.200000,2,1.500000,3,3,2
688,1,0,1,0,0,2,3.846154,4.300000,4.100000,4,4,4,3
689,2,1,1,0,0,1,4.076923,4.400000,4.400000,3.750000,4,4,3
690,1,0,0,0,0,1,2.461538,3.600000,4.200000,4.250000,3,4,3
691,1,0,1,0,0,2,4.230769,3.800000,3.900000,4.750000,4,4,2
692,1,1,1,0,0,2,4.076923,4.300000,4.100000,4,4,4,2
693,2,0,1,0,0,2,3.384615,4.300000,4,4.500000,4,4,3
694,1,1,1,0,0,2,4.153846,4.200000,4,4.500000,4,4,3
695,1,0,1,0,0,2,4.307692,4,4.300000,3.500000,4,4,3
696,1,0,0,0,0,2,3,2.300000,2,4,4,4,3
697,1,1,1,0,0,1,3.923077,4.200000,3.900000,4.500000,3,3,3
698,1,0,1,0,0,2,3.923077,4,4.200000,2.250000,4,3,2
699,1,0,0,0,0,2,2.923077,4.400000,2,2.250000,4,4,2
700,1,0,1,0,0,1,3.692308,3.900000,4.500000,1.750000,3,4,2
701,1,0,1,0,0,1,4.615385,4.700000,3.200000,4.500000,4,3,2
702,1,0,1,0,0,2,3.461538,1.900000,1.900000,4.250000,4,4,2
703,1,0,0,0,0,2,3.384615,4,3.600000,1.500000,4,4,3
704,2,1,1,0,0,2,3.769231,4.200000,3.800000,5,4,3,3
705,1,0,1,0,0,2,2.692308,1.800000,2,2.500000,4,4,3
706,1,1,1,0,0,1,4,4.100000,4,4,3,4,3
707,1,0,1,0,0,2,3.461538,3.900000,4,4.250000,4,4,3
708,2,0,1,0,0,2,2.538462,2,2.600000,2,4,4,2
709,1,0,1,0,0,2,3.692308,4.100000,3.900000,4.250000,4,4,2
710,1,0,1,0,0,1,4.153846,4.600000,4.100000,4.250000,3,4,3
711,1,1,1,0,0,2,4.076923,4,4.200000,4.500000,4,4,2
712,1,1,1,0,0,2,3.307692,4,4,4.500000,4,3,3
713,2,1,1,0,0,2,3.615385,4.400000,4,2.250000,4,4,3
714,2,0,1,0,0,1,3.769231,4,4.300000,4,3,4,3
715,2,1,1,0,0,1,4.230769,4.100000,3.800000,4.500000,3,4,3
716,1,0,0,0,0,1,2.461538,1.700000,2.400000,2.750000,3,3,2
717,1,0,0,0,0,1,2.692308,2.200000,2.100000,1.750000,3,4,2
718,2,0,1,0,0,1,4.230769,4.100000,4.400000,4.250000,4,4,2
719,1,0,1,0,0,2,4.230769,4.300000,2.400000,4,4,3,3
720,1,0,1,0,0,1,3.923077,4.600000,4.100000,4.500000,4,4,3
721,1,0,1,0,0,1,4.461538,4.900000,4.800000,4.500000,4,4,3
722,1,0,1,0,0,1,4,4.200000,4.200000,4,4,4,3
723,1,0,1,0,0,2,4.615385,5,4.800000,4.500000,4,4,3
724,1,0,1,0,0,1,4.076923,4.200000,4,3.500000,4,3,3
725,1,0,1,0,0,1,3.769231,4,4,4.500000,3,3,3
726,1,0,1,0,0,2,3.461538,4.100000,4.100000,4,4,4,2
727,1,1,1,0,0,2,4.076923,2.200000,2.100000,1.500000,4,3,3
728,1,0,1,0,0,1,4.307692,2.500000,4.600000,2.500000,4,4,2
729,1,0,1,0,0,2,4.307692,4.300000,4,4.500000,4,4,3
730,2,0,1,0,0,2,3.615385,4.100000,4.300000,4.250000,4,3,3
731,1,1,1,0,0,2,3.615385,3.800000,4.100000,2,4,3,2
732,2,0,1,0,0,2,3.923077,4.100000,4.400000,5,4,4,3
733,2,0,1,0,0,2,2.153846,1.500000,1.300000,1,4,4,2
734,2,1,1,0,0,2,4.230769,4.100000,4,4.500000,4,4,3
735,1,1,1,0,0,1,4.076923,3.900000,4.500000,4.500000,3,4,2
736,2,0,1,0,0,1,3.769231,3.900000,4.100000,4.500000,4,4,3
737,1,0,0,0,0,1,3.846154,4.100000,3.900000,4,4,3,3
738,1,0,1,0,0,1,2.307692,2.200000,1.900000,1.750000,3,3,3
739,1,1,1,0,0,1,2.615385,4.400000,2.400000,2.500000,4,4,3
740,2,0,1,0,0,2,4.076923,4.100000,4.100000,4,4,4,2
741,1,0,1,0,0,2,4.153846,4.100000,4,3.500000,4,4,2
742,2,0,1,0,0,2,3.538462,4.400000,3.900000,1.750000,4,3,2
743,2,0,1,0,0,2,2.384615,2.500000,2,1.500000,4,4,3
744,2,1,1,0,0,1,2.461538,2.300000,2.400000,4,4,4,3
745,1,0,1,0,0,2,3.307692,4.300000,4.300000,4.250000,4,4,3
746,2,0,1,0,0,1,4.153846,3.700000,4.300000,3.500000,3,4,3
747,1,0,1,0,0,1,3.692308,4.300000,2.600000,4.250000,4,4,3
748,2,1,1,0,0,1,4.153846,1.900000,4,3.750000,4,3,3
749,1,0,1,0,0,2,4.076923,3.900000,4.100000,4,4,4,2
750,1,0,1,0,0,2,4.615385,4.900000,4.700000,4.500000,4,4,3
751,2,0,1,0,0,1,3.692308,2.100000,2.200000,2.250000,4,3,3
752,1,0,1,0,0,1,4,4.300000,4.300000,2,4,3,3
753,1,0,1,0,0,1,3.923077,4,4.100000,4.250000,3,3,3
754,1,1,1,0,0,2,4.538462,4.800000,3.700000,3.750000,4,3,3
755,1,1,1,0,0,2,4.230769,4.200000,3.700000,4,4,3,3
756,1,0,1,0,0,2,4,4.300000,4,3.750000,4,3,3
757,1,0,1,0,0,2,4,4.300000,4,4.250000,4,4,3
758,1,0,1,0,0,2,3.461538,3.800000,4.300000,4,4,4,2
759,1,0,1,0,0,2,4.076923,4.100000,3.700000,4,4,4,3
760,1,0,1,0,0,2,4,2.100000,3.900000,4,4,4,2
761,1,0,1,0,0,2,4.076923,4.100000,1.800000,4,4,4,2
762,1,1,1,0,0,1,3.384615,4,2.600000,1.500000,4,4,2
763,2,0,1,0,0,1,4.076923,4.300000,4.200000,4.500000,3,4,3
764,2,1,1,0,0,2,4.076923,4.500000,4,4,4,4,3
765,1,0,1,0,0,1,4.153846,4.400000,4.200000,4,4,4,3
766,1,1,1,0,0,1,4.461538,4.900000,5,4.250000,4,3,2
767,1,0,1,0,0,1,3.076923,1.900000,4,4,3,3,3
768,1,0,0,0,0,2,2.461538,2.300000,2.100000,2,4,4,3
769,1,1,1,0,0,2,3.692308,4.100000,3.800000,4,4,4,2
770,2,1,1,0,0,1,4.230769,4.200000,4.200000,4,3,4,3
771,1,1,1,0,0,2,4.384615,4.300000,3.900000,3.250000,4,4,2
772,1,0,1,0,0,2,4.538462,4.700000,4.800000,4.250000,4,4,2
773,2,0,1,0,0,2,4.153846,4.200000,2.700000,4.250000,4,4,3
774,1,1,1,0,0,2,4.307692,4,4.500000,3.750000,4,4,3
775,2,0,1,0,0,1,4.153846,4.400000,4.500000,3.250000,3,4,2
776,1,1,0,0,0,2,2.923077,2.500000,2.200000,2.500000,4,4,3
777,1,0,1,0,0,2,4.076923,3.900000,1.600000,1.750000,4,4,2
778,1,0,1,0,0,2,4.153846,4.200000,4.100000,3.750000,4,3,2
779,2,0,1,0,0,2,3.538462,1.800000,4.200000,3.750000,4,3,2
780,1,0,1,0,0,1,4.076923,2,4.500000,4.250000,3,4,2
781,1,1,1,0,0,1,4.076923,4.600000,3.800000,4,3,3,3
782,1,0,1,0,0,1,3.615385,4,2.400000,4.250000,3,3,3
783,1,0,1,0,0,1,3.538462,4.100000,4.200000,2,4,3,3
784,2,0,1,0,0,2,4.307692,4,4,1.250000,4,3,3
785,1,1,1,0,0,1,4.153846,4.400000,4,3.500000,3,4,3
786,1,0,1,0,0,1,2.846154,4.100000,2.400000,1.500000,4,4,2
787,1,0,0,0,0,2,3.615385,4,2.100000,4.500000,4,4,3
788,1,1,1,0,0,2,4.230769,2.200000,1.800000,3.500000,4,4,2
789,1,0,1,0,0,2,2.384615,1.800000,1.800000,1,4,3,3
790,1,1,1,0,0,2,4.538462,4.800000,4.900000,4.250000,4,4,2
791,1,0,1,0,0,2,4,4.300000,1.600000,2.500000,4,4,3
792,1,0,1,0,0,2,3.769231,4.100000,4,3.750000,4,4,3
793,1,1,1,0,0,2,3.230769,4.400000,4,4.250000,4,4,3
794,2,1,1,0,0,2,3.461538,4.200000,3.800000,4.500000,4,4,3
795,1,1,1,0,0,2,4.307692,4.100000,4.100000,3.750000,4,4,3
796,2,1,1,0,0,1,4.307692,4.300000,3.900000,4,4,3,3
797,1,1,1,0,0,1,4.076923,4.200000,4.100000,4.250000,4,4,3
798,2,0,1,0,0,2,3.692308,2,4.300000,4.250000,4,4,2
799,1,0,1,0,0,2,3.923077,3.800000,4.100000,3.750000,4,3,3
800,1,1,1,0,0,2,3.615385,2.500000,4,3.750000,4,3,3
801,1,0,1,0,0,2,4.076923,2.300000,4.100000,4,4,4,2
802,2,0,1,0,0,2,3.615385,4.300000,4,2.250000,4,4,2
803,1,0,1,0,0,2,3.923077,4.300000,4.300000,4.250000,4,4,3
804,1,0,1,0,0,2,4.076923,4.100000,4.300000,3.500000,4,3,3
805,2,1,1,0,0,2,3.692308,4,4.200000,4.500000,4,4,2
806,1,0,1,0,0,1,4,4.200000,4.100000,3.750000,4,4,2
807,1,0,1,0,0,2,4,3.700000,4,1.500000,4,3,3
808,1,0,1,0,0,2,3.769231,3.800000,2.400000,4.500000,4,4,3
809,1,0,1,0,0,1,3.538462,4.100000,3.900000,4,4,4,2
810,2,0,1,0,0,2,4.307692,4.100000,4,3.750000,4,4,3
811,1,0,1,0,0,2,2.692308,2.600000,1.900000,2.250000,4,4,3
812,1,1,1,0,0,2,3.769231,3.900000,4.500000,4,3,3,3
813,1,0,0,0,0,1,4.153846,4,3.800000,4,2,5,4
815,2,0,0,0,0,2,3.846154,4.200000,4,3.250000,2,1,2
816,2,0,0,0,0,2,3.769231,4,4,3,1,1,1
817,2,0,0,0,0,2,4,3.500000,3.300000,3,1,1,1
818,2,0,0,0,0,2,4.615385,4.200000,4.400000,4.500000,2,3,3
819,1,0,0,0,0,1,4.153846,4,4.300000,3.500000,3,7,3
820,2,0,0,0,0,1,3.384615,3.600000,3.700000,3.750000,1,2,2
821,2,0,0,0,0,2,4.153846,4.500000,4,4,3,3,3
822,2,0,0,0,0,1,3.692308,4.100000,3.700000,3,4,2,2
823,2,0,0,0,0,1,5,3.900000,4.100000,5,1,2,1
824,2,0,0,0,0,2,4.461538,4.300000,4.400000,3.250000,2,2,3
825,1,0,0,0,0,2,3.461538,3.600000,3.900000,3.500000,3,2,1
826,2,0,0,0,0,2,3.769231,4,4,4,3,2,1
827,2,0,0,0,0,2,3.615385,4,4,3.500000,1,2,3
828,2,0,0,0,0,1,3.538462,4,3.400000,3,4,4,3
829,2,0,0,0,0,1,3.384615,3.700000,4.100000,3.750000,3,3,3
830,2,0,0,0,0,1,3.692308,4.300000,3.500000,3.250000,4,3,4
831,1,0,0,0,0,1,4.153846,4.600000,3.900000,3.750000,2,7,5
832,2,0,0,0,0,2,4.692308,4.400000,4,4,2,3,3
833,1,0,0,0,0,1,4.230769,4.500000,4.300000,3.500000,5,2,3
834,2,0,0,0,0,1,4,4,3,3,1,1,4
835,2,0,0,0,0,1,4.076923,3.800000,4,3.500000,1,3,2
836,2,0,0,0,0,2,4.307692,4.100000,4.200000,3.750000,2,4,2
837,2,0,0,0,0,1,4,4.400000,3,2.750000,2,6,3
838,1,0,0,0,0,2,3.615385,3.900000,3.900000,3.500000,2,4,3
839,2,0,0,0,0,1,4.153846,4.100000,4.600000,4.500000,3,1,1
840,2,0,0,0,0,1,4,4.500000,3.700000,4,4,6,3
841,1,0,0,0,0,2,4.384615,4.400000,4.400000,4.500000,4,5,3
842,2,0,0,0,0,2,3.538462,3.500000,3.800000,3.750000,1,2,2
843,2,0,0,0,0,2,3.615385,4,4,4,1,5,2
844,2,0,0,0,0,1,4.307692,4.900000,4.900000,4,3,4,3
845,2,0,0,0,0,1,3.846154,4.400000,3.800000,3.250000,3,2,2
846,2,0,0,0,0,1,3.846154,4.400000,4.700000,5,3,6,4
847,2,0,0,0,0,2,4,4,4,4,1,3,4
848,2,0,0,0,0,1,3.384615,4.100000,3.800000,3,2,2,3
849,2,0,0,0,0,1,4,4.400000,3.900000,3.250000,3,3,3
850,2,0,0,0,0,2,4.076923,4.400000,4.400000,4.250000,2,8,4
851,1,0,0,0,0,2,3.461538,4.100000,3.800000,4,3,2,1
852,2,1,0,0,0,1,3.846154,4.300000,4,3.500000,1,1,1
853,2,0,0,0,0,1,3.461538,4.600000,3.300000,3,4,3,3
854,2,0,0,0,0,2,4.076923,5,5,5,1,8,4
855,1,0,0,0,0,2,4,4.100000,4.300000,4,3,3,4
856,1,0,0,0,0,2,3.307692,3.900000,3.900000,4,1,6,4
857,2,0,0,0,0,2,4.153846,4.300000,4.200000,4.250000,2,3,3
859,2,0,0,0,0,2,5,4.400000,3,5,2,1,2
860,2,0,0,0,0,2,3.615385,3,3,1,1,1,4
861,2,0,0,0,0,1,4,3.800000,4.300000,3.250000,3,2,3
862,1,0,0,0,0,2,3.615385,4,3.800000,3.750000,2,3,3
863,2,0,0,0,0,1,4.153846,4.300000,3.900000,3.500000,4,6,3
